status,season,week,week_day,event_date,tm_nano,tm_market,tm_name,tm_alias,tm_alt_market,tm_alt_alias,opp_nano,opp_market,opp_name,opp_alias,opp_alt_market,opp_alt_alias,tm_location,opp_location,tm_score,opp_score,boxscore_stats_link
closed,2021,1,Thu,2021-09-09,QMAZH1v922YLu,Tampa Bay,Buccaneers,TB,tampa-bay-buccaneers,tam,KdjU81i7YSFE7,Dallas,Cowboys,DAL,dallas-cowboys,dal,H,A,31,29,https://www.pro-football-reference.com/boxscores/202109090tam.htm
closed,2021,1,Sun,2021-09-12,hjjmgzxilGWdr,Philadelphia,Eagles,PHI,philadelphia-eagles,phi,mLspw4gJNTQGN,Atlanta,Falcons,ATL,atlanta-falcons,atl,A,H,32,6,https://www.pro-football-reference.com/boxscores/202109120atl.htm
closed,2021,1,Sun,2021-09-12,SlVgURDFI7EXX,Pittsburgh,Steelers,PIT,pittsburgh-steelers,pit,3VqeLK0LS9rpw,Buffalo,Bills,BUF,buffalo-bills,buf,A,H,23,16,https://www.pro-football-reference.com/boxscores/202109120buf.htm
closed,2021,1,Sun,2021-09-12,jJBGuksuDJF5L,Carolina,Panthers,CAR,carolina-panthers,car,mexvMWO2v1hWn,New York,Jets,NYJ,new-york-jets,nyj,H,A,19,14,https://www.pro-football-reference.com/boxscores/202109120car.htm
closed,2021,1,Sun,2021-09-12,22ZdibiqvfA2D,Cincinnati,Bengals,CIN,cincinnati-bengals,cin,AzOs5UWsXusSW,Minnesota,Vikings,MIN,minnesota-vikings,min,H,A,27,24,https://www.pro-football-reference.com/boxscores/202109120cin.htm
closed,2021,1,Sun,2021-09-12,4M8AK5p0WXs1N,Seattle,Seahawks,SEA,seattle-seahawks,sea,LJmHetie5VbbO,Indianapolis,Colts,IND,indianapolis-colts,clt,A,H,28,16,https://www.pro-football-reference.com/boxscores/202109120clt.htm
closed,2021,1,Sun,2021-09-12,GJizlkzQFaqGA,Arizona,Cardinals,ARI,arizona-cardinals,crd,ltMyRE3yvVUaw,Tennessee,Titans,TEN,tennessee-titans,oti,A,H,38,13,https://www.pro-football-reference.com/boxscores/202109120oti.htm
closed,2021,1,Sun,2021-09-12,IwSI92ZDKoazn,San Francisco,49ers,SF,san-francisco-49ers,sfo,FCuH1wdksA2DQ,Detroit,Lions,DET,detroit-lions,det,A,H,41,33,https://www.pro-football-reference.com/boxscores/202109120det.htm
closed,2021,1,Sun,2021-09-12,UI0Ax4HUEXFh6,Houston,Texans,HOU,houston-texans,htx,RtOjnciWkJPaL,Jacksonville,Jaguars,JAC,jacksonville-jaguars,jax,H,A,37,21,https://www.pro-football-reference.com/boxscores/202109120htx.htm
closed,2021,1,Sun,2021-09-12,SjaMbkmeizJD4,Los Angeles,Chargers,LAC,los-angeles-chargers,sdg,9JtBk8kFeaGEs,Washington,Football Team,WAS,washington-football-team,was,A,H,20,16,https://www.pro-football-reference.com/boxscores/202109120was.htm
closed,2021,1,Sun,2021-09-12,oiGiwWPf0UqMC,Kansas City,Chiefs,KC,kansas-city-chiefs,kan,IR4gIYmh269EI,Cleveland,Browns,CLE,cleveland-browns,cle,H,A,33,29,https://www.pro-football-reference.com/boxscores/202109120kan.htm
closed,2021,1,Sun,2021-09-12,6DclFuycdPaOB,Denver,Broncos,DEN,denver-broncos,den,n8CuHV9wbYCqF,New York,Giants,NYG,new-york-giants,nyg,A,H,27,13,https://www.pro-football-reference.com/boxscores/202109120nyg.htm
closed,2021,1,Sun,2021-09-12,CI5mhfNa0Zqd2,New Orleans,Saints,NO,new-orleans-saints,nor,D5QY6bOxfn8ZL,Green Bay,Packers,GB,green-bay-packers,gnb,H,A,38,3,https://www.pro-football-reference.com/boxscores/202109120nor.htm
closed,2021,1,Sun,2021-09-12,mfbu6O5aMHbJg,Miami,Dolphins,MIA,miami-dolphins,mia,VkxV91RtzHn65,New England,Patriots,NE,new-england-patriots,nwe,A,H,17,16,https://www.pro-football-reference.com/boxscores/202109120nwe.htm
closed,2021,1,Sun,2021-09-12,u98I1lDKQBwZ0,Los Angeles,Rams,LA,los-angeles-rams,ram,1vVmWGzUZ1rea,Chicago,Bears,CHI,chicago-bears,chi,H,A,34,14,https://www.pro-football-reference.com/boxscores/202109120ram.htm
closed,2021,1,Mon,2021-09-13,LZoDld8s63xUs,Las Vegas,Raiders,LV,las-vegas-raiders,rai,zyhFXj1nywrm1,Baltimore,Ravens,BAL,baltimore-ravens,rav,H,A,33,27,https://www.pro-football-reference.com/boxscores/202109130rai.htm
closed,2021,2,Thu,2021-09-16,9JtBk8kFeaGEs,Washington,Football Team,WAS,washington-football-team,was,n8CuHV9wbYCqF,New York,Giants,NYG,new-york-giants,nyg,H,A,30,29,https://www.pro-football-reference.com/boxscores/202109160was.htm
closed,2021,2,Sun,2021-09-19,3VqeLK0LS9rpw,Buffalo,Bills,BUF,buffalo-bills,buf,mfbu6O5aMHbJg,Miami,Dolphins,MIA,miami-dolphins,mia,A,H,35,0,https://www.pro-football-reference.com/boxscores/202109190mia.htm
closed,2021,2,Sun,2021-09-19,jJBGuksuDJF5L,Carolina,Panthers,CAR,carolina-panthers,car,CI5mhfNa0Zqd2,New Orleans,Saints,NO,new-orleans-saints,nor,H,A,26,7,https://www.pro-football-reference.com/boxscores/202109190car.htm
closed,2021,2,Sun,2021-09-19,1vVmWGzUZ1rea,Chicago,Bears,CHI,chicago-bears,chi,22ZdibiqvfA2D,Cincinnati,Bengals,CIN,cincinnati-bengals,cin,H,A,20,17,https://www.pro-football-reference.com/boxscores/202109190chi.htm
closed,2021,2,Sun,2021-09-19,IR4gIYmh269EI,Cleveland,Browns,CLE,cleveland-browns,cle,UI0Ax4HUEXFh6,Houston,Texans,HOU,houston-texans,htx,H,A,31,21,https://www.pro-football-reference.com/boxscores/202109190cle.htm
closed,2021,2,Sun,2021-09-19,u98I1lDKQBwZ0,Los Angeles,Rams,LA,los-angeles-rams,ram,LJmHetie5VbbO,Indianapolis,Colts,IND,indianapolis-colts,clt,A,H,27,24,https://www.pro-football-reference.com/boxscores/202109190clt.htm
closed,2021,2,Sun,2021-09-19,6DclFuycdPaOB,Denver,Broncos,DEN,denver-broncos,den,RtOjnciWkJPaL,Jacksonville,Jaguars,JAC,jacksonville-jaguars,jax,A,H,23,13,https://www.pro-football-reference.com/boxscores/202109190jax.htm
closed,2021,2,Sun,2021-09-19,VkxV91RtzHn65,New England,Patriots,NE,new-england-patriots,nwe,mexvMWO2v1hWn,New York,Jets,NYJ,new-york-jets,nyj,A,H,25,6,https://www.pro-football-reference.com/boxscores/202109190nyj.htm
closed,2021,2,Sun,2021-09-19,IwSI92ZDKoazn,San Francisco,49ers,SF,san-francisco-49ers,sfo,hjjmgzxilGWdr,Philadelphia,Eagles,PHI,philadelphia-eagles,phi,A,H,17,11,https://www.pro-football-reference.com/boxscores/202109190phi.htm
closed,2021,2,Sun,2021-09-19,LZoDld8s63xUs,Las Vegas,Raiders,LV,las-vegas-raiders,rai,SlVgURDFI7EXX,Pittsburgh,Steelers,PIT,pittsburgh-steelers,pit,A,H,26,17,https://www.pro-football-reference.com/boxscores/202109190pit.htm
closed,2021,2,Sun,2021-09-19,QMAZH1v922YLu,Tampa Bay,Buccaneers,TB,tampa-bay-buccaneers,tam,mLspw4gJNTQGN,Atlanta,Falcons,ATL,atlanta-falcons,atl,H,A,48,25,https://www.pro-football-reference.com/boxscores/202109190tam.htm
closed,2021,2,Sun,2021-09-19,GJizlkzQFaqGA,Arizona,Cardinals,ARI,arizona-cardinals,crd,AzOs5UWsXusSW,Minnesota,Vikings,MIN,minnesota-vikings,min,H,A,34,33,https://www.pro-football-reference.com/boxscores/202109190crd.htm
closed,2021,2,Sun,2021-09-19,KdjU81i7YSFE7,Dallas,Cowboys,DAL,dallas-cowboys,dal,SjaMbkmeizJD4,Los Angeles,Chargers,LAC,los-angeles-chargers,sdg,A,H,20,17,https://www.pro-football-reference.com/boxscores/202109190sdg.htm
closed,2021,2,Sun,2021-09-19,ltMyRE3yvVUaw,Tennessee,Titans,TEN,tennessee-titans,oti,4M8AK5p0WXs1N,Seattle,Seahawks,SEA,seattle-seahawks,sea,A,H,33,30,https://www.pro-football-reference.com/boxscores/202109190sea.htm
closed,2021,2,Sun,2021-09-19,zyhFXj1nywrm1,Baltimore,Ravens,BAL,baltimore-ravens,rav,oiGiwWPf0UqMC,Kansas City,Chiefs,KC,kansas-city-chiefs,kan,H,A,36,35,https://www.pro-football-reference.com/boxscores/202109190rav.htm
closed,2021,2,Mon,2021-09-20,D5QY6bOxfn8ZL,Green Bay,Packers,GB,green-bay-packers,gnb,FCuH1wdksA2DQ,Detroit,Lions,DET,detroit-lions,det,H,A,35,17,https://www.pro-football-reference.com/boxscores/202109200gnb.htm
closed,2021,3,Thu,2021-09-23,jJBGuksuDJF5L,Carolina,Panthers,CAR,carolina-panthers,car,UI0Ax4HUEXFh6,Houston,Texans,HOU,houston-texans,htx,A,H,24,9,https://www.pro-football-reference.com/boxscores/202109230htx.htm
closed,2021,3,Sun,2021-09-26,mLspw4gJNTQGN,Atlanta,Falcons,ATL,atlanta-falcons,atl,n8CuHV9wbYCqF,New York,Giants,NYG,new-york-giants,nyg,A,H,17,14,https://www.pro-football-reference.com/boxscores/202109260nyg.htm
closed,2021,3,Sun,2021-09-26,3VqeLK0LS9rpw,Buffalo,Bills,BUF,buffalo-bills,buf,9JtBk8kFeaGEs,Washington,Football Team,WAS,washington-football-team,was,H,A,43,21,https://www.pro-football-reference.com/boxscores/202109260buf.htm
closed,2021,3,Sun,2021-09-26,IR4gIYmh269EI,Cleveland,Browns,CLE,cleveland-browns,cle,1vVmWGzUZ1rea,Chicago,Bears,CHI,chicago-bears,chi,H,A,26,6,https://www.pro-football-reference.com/boxscores/202109260cle.htm
closed,2021,3,Sun,2021-09-26,22ZdibiqvfA2D,Cincinnati,Bengals,CIN,cincinnati-bengals,cin,SlVgURDFI7EXX,Pittsburgh,Steelers,PIT,pittsburgh-steelers,pit,A,H,24,10,https://www.pro-football-reference.com/boxscores/202109260pit.htm
closed,2021,3,Sun,2021-09-26,ltMyRE3yvVUaw,Tennessee,Titans,TEN,tennessee-titans,oti,LJmHetie5VbbO,Indianapolis,Colts,IND,indianapolis-colts,clt,H,A,25,16,https://www.pro-football-reference.com/boxscores/202109260oti.htm
closed,2021,3,Sun,2021-09-26,GJizlkzQFaqGA,Arizona,Cardinals,ARI,arizona-cardinals,crd,RtOjnciWkJPaL,Jacksonville,Jaguars,JAC,jacksonville-jaguars,jax,A,H,31,19,https://www.pro-football-reference.com/boxscores/202109260jax.htm
closed,2021,3,Sun,2021-09-26,zyhFXj1nywrm1,Baltimore,Ravens,BAL,baltimore-ravens,rav,FCuH1wdksA2DQ,Detroit,Lions,DET,detroit-lions,det,A,H,19,17,https://www.pro-football-reference.com/boxscores/202109260det.htm
closed,2021,3,Sun,2021-09-26,SjaMbkmeizJD4,Los Angeles,Chargers,LAC,los-angeles-chargers,sdg,oiGiwWPf0UqMC,Kansas City,Chiefs,KC,kansas-city-chiefs,kan,A,H,30,24,https://www.pro-football-reference.com/boxscores/202109260kan.htm
closed,2021,3,Sun,2021-09-26,CI5mhfNa0Zqd2,New Orleans,Saints,NO,new-orleans-saints,nor,VkxV91RtzHn65,New England,Patriots,NE,new-england-patriots,nwe,A,H,28,13,https://www.pro-football-reference.com/boxscores/202109260nwe.htm
closed,2021,3,Sun,2021-09-26,6DclFuycdPaOB,Denver,Broncos,DEN,denver-broncos,den,mexvMWO2v1hWn,New York,Jets,NYJ,new-york-jets,nyj,H,A,26,0,https://www.pro-football-reference.com/boxscores/202109260den.htm
closed,2021,3,Sun,2021-09-26,LZoDld8s63xUs,Las Vegas,Raiders,LV,las-vegas-raiders,rai,mfbu6O5aMHbJg,Miami,Dolphins,MIA,miami-dolphins,mia,H,A,31,28,https://www.pro-football-reference.com/boxscores/202109260rai.htm
closed,2021,3,Sun,2021-09-26,AzOs5UWsXusSW,Minnesota,Vikings,MIN,minnesota-vikings,min,4M8AK5p0WXs1N,Seattle,Seahawks,SEA,seattle-seahawks,sea,H,A,30,17,https://www.pro-football-reference.com/boxscores/202109260min.htm
closed,2021,3,Sun,2021-09-26,u98I1lDKQBwZ0,Los Angeles,Rams,LA,los-angeles-rams,ram,QMAZH1v922YLu,Tampa Bay,Buccaneers,TB,tampa-bay-buccaneers,tam,H,A,34,24,https://www.pro-football-reference.com/boxscores/202109260ram.htm
closed,2021,3,Sun,2021-09-26,D5QY6bOxfn8ZL,Green Bay,Packers,GB,green-bay-packers,gnb,IwSI92ZDKoazn,San Francisco,49ers,SF,san-francisco-49ers,sfo,A,H,30,28,https://www.pro-football-reference.com/boxscores/202109260sfo.htm
closed,2021,3,Mon,2021-09-27,KdjU81i7YSFE7,Dallas,Cowboys,DAL,dallas-cowboys,dal,hjjmgzxilGWdr,Philadelphia,Eagles,PHI,philadelphia-eagles,phi,H,A,41,21,https://www.pro-football-reference.com/boxscores/202109270dal.htm
closed,2021,4,Thu,2021-09-30,22ZdibiqvfA2D,Cincinnati,Bengals,CIN,cincinnati-bengals,cin,RtOjnciWkJPaL,Jacksonville,Jaguars,JAC,jacksonville-jaguars,jax,H,A,24,21,https://www.pro-football-reference.com/boxscores/202109300cin.htm
closed,2021,4,Sun,2021-10-03,9JtBk8kFeaGEs,Washington,Football Team,WAS,washington-football-team,was,mLspw4gJNTQGN,Atlanta,Falcons,ATL,atlanta-falcons,atl,A,H,34,30,https://www.pro-football-reference.com/boxscores/202110030atl.htm
closed,2021,4,Sun,2021-10-03,3VqeLK0LS9rpw,Buffalo,Bills,BUF,buffalo-bills,buf,UI0Ax4HUEXFh6,Houston,Texans,HOU,houston-texans,htx,H,A,40,0,https://www.pro-football-reference.com/boxscores/202110030buf.htm
closed,2021,4,Sun,2021-10-03,KdjU81i7YSFE7,Dallas,Cowboys,DAL,dallas-cowboys,dal,jJBGuksuDJF5L,Carolina,Panthers,CAR,carolina-panthers,car,H,A,36,28,https://www.pro-football-reference.com/boxscores/202110030dal.htm
closed,2021,4,Sun,2021-10-03,1vVmWGzUZ1rea,Chicago,Bears,CHI,chicago-bears,chi,FCuH1wdksA2DQ,Detroit,Lions,DET,detroit-lions,det,H,A,24,14,https://www.pro-football-reference.com/boxscores/202110030chi.htm
closed,2021,4,Sun,2021-10-03,IR4gIYmh269EI,Cleveland,Browns,CLE,cleveland-browns,cle,AzOs5UWsXusSW,Minnesota,Vikings,MIN,minnesota-vikings,min,A,H,14,7,https://www.pro-football-reference.com/boxscores/202110030min.htm
closed,2021,4,Sun,2021-10-03,LJmHetie5VbbO,Indianapolis,Colts,IND,indianapolis-colts,clt,mfbu6O5aMHbJg,Miami,Dolphins,MIA,miami-dolphins,mia,A,H,27,17,https://www.pro-football-reference.com/boxscores/202110030mia.htm
closed,2021,4,Sun,2021-10-03,oiGiwWPf0UqMC,Kansas City,Chiefs,KC,kansas-city-chiefs,kan,hjjmgzxilGWdr,Philadelphia,Eagles,PHI,philadelphia-eagles,phi,A,H,42,30,https://www.pro-football-reference.com/boxscores/202110030phi.htm
closed,2021,4,Sun,2021-10-03,n8CuHV9wbYCqF,New York,Giants,NYG,new-york-giants,nyg,CI5mhfNa0Zqd2,New Orleans,Saints,NO,new-orleans-saints,nor,A,H,27,21,https://www.pro-football-reference.com/boxscores/202110030nor.htm
closed,2021,4,Sun,2021-10-03,mexvMWO2v1hWn,New York,Jets,NYJ,new-york-jets,nyj,ltMyRE3yvVUaw,Tennessee,Titans,TEN,tennessee-titans,oti,H,A,27,24,https://www.pro-football-reference.com/boxscores/202110030nyj.htm
closed,2021,4,Sun,2021-10-03,GJizlkzQFaqGA,Arizona,Cardinals,ARI,arizona-cardinals,crd,u98I1lDKQBwZ0,Los Angeles,Rams,LA,los-angeles-rams,ram,A,H,37,20,https://www.pro-football-reference.com/boxscores/202110030ram.htm
closed,2021,4,Sun,2021-10-03,4M8AK5p0WXs1N,Seattle,Seahawks,SEA,seattle-seahawks,sea,IwSI92ZDKoazn,San Francisco,49ers,SF,san-francisco-49ers,sfo,A,H,28,21,https://www.pro-football-reference.com/boxscores/202110030sfo.htm
closed,2021,4,Sun,2021-10-03,zyhFXj1nywrm1,Baltimore,Ravens,BAL,baltimore-ravens,rav,6DclFuycdPaOB,Denver,Broncos,DEN,denver-broncos,den,A,H,23,7,https://www.pro-football-reference.com/boxscores/202110030den.htm
closed,2021,4,Sun,2021-10-03,D5QY6bOxfn8ZL,Green Bay,Packers,GB,green-bay-packers,gnb,SlVgURDFI7EXX,Pittsburgh,Steelers,PIT,pittsburgh-steelers,pit,H,A,27,17,https://www.pro-football-reference.com/boxscores/202110030gnb.htm
closed,2021,4,Sun,2021-10-03,QMAZH1v922YLu,Tampa Bay,Buccaneers,TB,tampa-bay-buccaneers,tam,VkxV91RtzHn65,New England,Patriots,NE,new-england-patriots,nwe,A,H,19,17,https://www.pro-football-reference.com/boxscores/202110030nwe.htm
closed,2021,4,Mon,2021-10-04,SjaMbkmeizJD4,Los Angeles,Chargers,LAC,los-angeles-chargers,sdg,LZoDld8s63xUs,Las Vegas,Raiders,LV,las-vegas-raiders,rai,H,A,28,14,https://www.pro-football-reference.com/boxscores/202110040sdg.htm
closed,2021,5,Thu,2021-10-07,u98I1lDKQBwZ0,Los Angeles,Rams,LA,los-angeles-rams,ram,4M8AK5p0WXs1N,Seattle,Seahawks,SEA,seattle-seahawks,sea,A,H,26,17,https://www.pro-football-reference.com/boxscores/202110070sea.htm
closed,2021,5,Sun,2021-10-10,mLspw4gJNTQGN,Atlanta,Falcons,ATL,atlanta-falcons,atl,mexvMWO2v1hWn,New York,Jets,NYJ,new-york-jets,nyj,H,A,27,20,https://www.pro-football-reference.com/boxscores/202110100atl.htm
closed,2021,5,Sun,2021-10-10,hjjmgzxilGWdr,Philadelphia,Eagles,PHI,philadelphia-eagles,phi,jJBGuksuDJF5L,Carolina,Panthers,CAR,carolina-panthers,car,A,H,21,18,https://www.pro-football-reference.com/boxscores/202110100car.htm
closed,2021,5,Sun,2021-10-10,D5QY6bOxfn8ZL,Green Bay,Packers,GB,green-bay-packers,gnb,22ZdibiqvfA2D,Cincinnati,Bengals,CIN,cincinnati-bengals,cin,A,H,25,22,https://www.pro-football-reference.com/boxscores/202110100cin.htm
closed,2021,5,Sun,2021-10-10,SlVgURDFI7EXX,Pittsburgh,Steelers,PIT,pittsburgh-steelers,pit,6DclFuycdPaOB,Denver,Broncos,DEN,denver-broncos,den,H,A,27,19,https://www.pro-football-reference.com/boxscores/202110100pit.htm
closed,2021,5,Sun,2021-10-10,AzOs5UWsXusSW,Minnesota,Vikings,MIN,minnesota-vikings,min,FCuH1wdksA2DQ,Detroit,Lions,DET,detroit-lions,det,H,A,19,17,https://www.pro-football-reference.com/boxscores/202110100min.htm
closed,2021,5,Sun,2021-10-10,VkxV91RtzHn65,New England,Patriots,NE,new-england-patriots,nwe,UI0Ax4HUEXFh6,Houston,Texans,HOU,houston-texans,htx,A,H,25,22,https://www.pro-football-reference.com/boxscores/202110100htx.htm
closed,2021,5,Sun,2021-10-10,ltMyRE3yvVUaw,Tennessee,Titans,TEN,tennessee-titans,oti,RtOjnciWkJPaL,Jacksonville,Jaguars,JAC,jacksonville-jaguars,jax,A,H,37,19,https://www.pro-football-reference.com/boxscores/202110100jax.htm
closed,2021,5,Sun,2021-10-10,QMAZH1v922YLu,Tampa Bay,Buccaneers,TB,tampa-bay-buccaneers,tam,mfbu6O5aMHbJg,Miami,Dolphins,MIA,miami-dolphins,mia,H,A,45,17,https://www.pro-football-reference.com/boxscores/202110100tam.htm
closed,2021,5,Sun,2021-10-10,CI5mhfNa0Zqd2,New Orleans,Saints,NO,new-orleans-saints,nor,9JtBk8kFeaGEs,Washington,Football Team,WAS,washington-football-team,was,A,H,33,22,https://www.pro-football-reference.com/boxscores/202110100was.htm
closed,2021,5,Sun,2021-10-10,1vVmWGzUZ1rea,Chicago,Bears,CHI,chicago-bears,chi,LZoDld8s63xUs,Las Vegas,Raiders,LV,las-vegas-raiders,rai,A,H,20,9,https://www.pro-football-reference.com/boxscores/202110100rai.htm
closed,2021,5,Sun,2021-10-10,SjaMbkmeizJD4,Los Angeles,Chargers,LAC,los-angeles-chargers,sdg,IR4gIYmh269EI,Cleveland,Browns,CLE,cleveland-browns,cle,H,A,47,42,https://www.pro-football-reference.com/boxscores/202110100sdg.htm
closed,2021,5,Sun,2021-10-10,GJizlkzQFaqGA,Arizona,Cardinals,ARI,arizona-cardinals,crd,IwSI92ZDKoazn,San Francisco,49ers,SF,san-francisco-49ers,sfo,H,A,17,10,https://www.pro-football-reference.com/boxscores/202110100crd.htm
closed,2021,5,Sun,2021-10-10,KdjU81i7YSFE7,Dallas,Cowboys,DAL,dallas-cowboys,dal,n8CuHV9wbYCqF,New York,Giants,NYG,new-york-giants,nyg,H,A,44,20,https://www.pro-football-reference.com/boxscores/202110100dal.htm
closed,2021,5,Sun,2021-10-10,3VqeLK0LS9rpw,Buffalo,Bills,BUF,buffalo-bills,buf,oiGiwWPf0UqMC,Kansas City,Chiefs,KC,kansas-city-chiefs,kan,A,H,38,20,https://www.pro-football-reference.com/boxscores/202110100kan.htm
closed,2021,5,Mon,2021-10-11,zyhFXj1nywrm1,Baltimore,Ravens,BAL,baltimore-ravens,rav,LJmHetie5VbbO,Indianapolis,Colts,IND,indianapolis-colts,clt,H,A,31,25,https://www.pro-football-reference.com/boxscores/202110110rav.htm
closed,2021,6,Thu,2021-10-14,QMAZH1v922YLu,Tampa Bay,Buccaneers,TB,tampa-bay-buccaneers,tam,hjjmgzxilGWdr,Philadelphia,Eagles,PHI,philadelphia-eagles,phi,A,H,28,22,https://www.pro-football-reference.com/boxscores/202110140phi.htm
closed,2021,6,Sun,2021-10-17,RtOjnciWkJPaL,Jacksonville,Jaguars,JAC,jacksonville-jaguars,jax,mfbu6O5aMHbJg,Miami,Dolphins,MIA,miami-dolphins,mia,H,A,23,20,https://www.pro-football-reference.com/boxscores/202110170jax.htm
closed,2021,6,Sun,2021-10-17,AzOs5UWsXusSW,Minnesota,Vikings,MIN,minnesota-vikings,min,jJBGuksuDJF5L,Carolina,Panthers,CAR,carolina-panthers,car,A,H,34,28,https://www.pro-football-reference.com/boxscores/202110170car.htm
closed,2021,6,Sun,2021-10-17,D5QY6bOxfn8ZL,Green Bay,Packers,GB,green-bay-packers,gnb,1vVmWGzUZ1rea,Chicago,Bears,CHI,chicago-bears,chi,A,H,24,14,https://www.pro-football-reference.com/boxscores/202110170chi.htm
closed,2021,6,Sun,2021-10-17,22ZdibiqvfA2D,Cincinnati,Bengals,CIN,cincinnati-bengals,cin,FCuH1wdksA2DQ,Detroit,Lions,DET,detroit-lions,det,A,H,34,11,https://www.pro-football-reference.com/boxscores/202110170det.htm
closed,2021,6,Sun,2021-10-17,LJmHetie5VbbO,Indianapolis,Colts,IND,indianapolis-colts,clt,UI0Ax4HUEXFh6,Houston,Texans,HOU,houston-texans,htx,H,A,31,3,https://www.pro-football-reference.com/boxscores/202110170clt.htm
closed,2021,6,Sun,2021-10-17,oiGiwWPf0UqMC,Kansas City,Chiefs,KC,kansas-city-chiefs,kan,9JtBk8kFeaGEs,Washington,Football Team,WAS,washington-football-team,was,A,H,31,13,https://www.pro-football-reference.com/boxscores/202110170was.htm
closed,2021,6,Sun,2021-10-17,u98I1lDKQBwZ0,Los Angeles,Rams,LA,los-angeles-rams,ram,n8CuHV9wbYCqF,New York,Giants,NYG,new-york-giants,nyg,A,H,38,11,https://www.pro-football-reference.com/boxscores/202110170nyg.htm
closed,2021,6,Sun,2021-10-17,zyhFXj1nywrm1,Baltimore,Ravens,BAL,baltimore-ravens,rav,SjaMbkmeizJD4,Los Angeles,Chargers,LAC,los-angeles-chargers,sdg,H,A,34,6,https://www.pro-football-reference.com/boxscores/202110170rav.htm
closed,2021,6,Sun,2021-10-17,GJizlkzQFaqGA,Arizona,Cardinals,ARI,arizona-cardinals,crd,IR4gIYmh269EI,Cleveland,Browns,CLE,cleveland-browns,cle,A,H,37,14,https://www.pro-football-reference.com/boxscores/202110170cle.htm
closed,2021,6,Sun,2021-10-17,KdjU81i7YSFE7,Dallas,Cowboys,DAL,dallas-cowboys,dal,VkxV91RtzHn65,New England,Patriots,NE,new-england-patriots,nwe,A,H,35,29,https://www.pro-football-reference.com/boxscores/202110170nwe.htm
closed,2021,6,Sun,2021-10-17,LZoDld8s63xUs,Las Vegas,Raiders,LV,las-vegas-raiders,rai,6DclFuycdPaOB,Denver,Broncos,DEN,denver-broncos,den,A,H,34,24,https://www.pro-football-reference.com/boxscores/202110170den.htm
closed,2021,6,Sun,2021-10-17,SlVgURDFI7EXX,Pittsburgh,Steelers,PIT,pittsburgh-steelers,pit,4M8AK5p0WXs1N,Seattle,Seahawks,SEA,seattle-seahawks,sea,H,A,23,20,https://www.pro-football-reference.com/boxscores/202110170pit.htm
closed,2021,6,Mon,2021-10-18,ltMyRE3yvVUaw,Tennessee,Titans,TEN,tennessee-titans,oti,3VqeLK0LS9rpw,Buffalo,Bills,BUF,buffalo-bills,buf,H,A,34,31,https://www.pro-football-reference.com/boxscores/202110180oti.htm
closed,2021,7,Thu,2021-10-21,IR4gIYmh269EI,Cleveland,Browns,CLE,cleveland-browns,cle,6DclFuycdPaOB,Denver,Broncos,DEN,denver-broncos,den,H,A,17,14,https://www.pro-football-reference.com/boxscores/202110210cle.htm
closed,2021,7,Sun,2021-10-24,mLspw4gJNTQGN,Atlanta,Falcons,ATL,atlanta-falcons,atl,mfbu6O5aMHbJg,Miami,Dolphins,MIA,miami-dolphins,mia,A,H,30,28,https://www.pro-football-reference.com/boxscores/202110240mia.htm
closed,2021,7,Sun,2021-10-24,n8CuHV9wbYCqF,New York,Giants,NYG,new-york-giants,nyg,jJBGuksuDJF5L,Carolina,Panthers,CAR,carolina-panthers,car,H,A,25,3,https://www.pro-football-reference.com/boxscores/202110240nyg.htm
closed,2021,7,Sun,2021-10-24,22ZdibiqvfA2D,Cincinnati,Bengals,CIN,cincinnati-bengals,cin,zyhFXj1nywrm1,Baltimore,Ravens,BAL,baltimore-ravens,rav,A,H,41,17,https://www.pro-football-reference.com/boxscores/202110240rav.htm
closed,2021,7,Sun,2021-10-24,D5QY6bOxfn8ZL,Green Bay,Packers,GB,green-bay-packers,gnb,9JtBk8kFeaGEs,Washington,Football Team,WAS,washington-football-team,was,H,A,24,10,https://www.pro-football-reference.com/boxscores/202110240gnb.htm
closed,2021,7,Sun,2021-10-24,ltMyRE3yvVUaw,Tennessee,Titans,TEN,tennessee-titans,oti,oiGiwWPf0UqMC,Kansas City,Chiefs,KC,kansas-city-chiefs,kan,H,A,27,3,https://www.pro-football-reference.com/boxscores/202110240oti.htm
closed,2021,7,Sun,2021-10-24,VkxV91RtzHn65,New England,Patriots,NE,new-england-patriots,nwe,mexvMWO2v1hWn,New York,Jets,NYJ,new-york-jets,nyj,H,A,54,13,https://www.pro-football-reference.com/boxscores/202110240nwe.htm
closed,2021,7,Sun,2021-10-24,u98I1lDKQBwZ0,Los Angeles,Rams,LA,los-angeles-rams,ram,FCuH1wdksA2DQ,Detroit,Lions,DET,detroit-lions,det,H,A,28,19,https://www.pro-football-reference.com/boxscores/202110240ram.htm
closed,2021,7,Sun,2021-10-24,LZoDld8s63xUs,Las Vegas,Raiders,LV,las-vegas-raiders,rai,hjjmgzxilGWdr,Philadelphia,Eagles,PHI,philadelphia-eagles,phi,H,A,33,22,https://www.pro-football-reference.com/boxscores/202110240rai.htm
closed,2021,7,Sun,2021-10-24,QMAZH1v922YLu,Tampa Bay,Buccaneers,TB,tampa-bay-buccaneers,tam,1vVmWGzUZ1rea,Chicago,Bears,CHI,chicago-bears,chi,H,A,38,3,https://www.pro-football-reference.com/boxscores/202110240tam.htm
closed,2021,7,Sun,2021-10-24,GJizlkzQFaqGA,Arizona,Cardinals,ARI,arizona-cardinals,crd,UI0Ax4HUEXFh6,Houston,Texans,HOU,houston-texans,htx,H,A,31,5,https://www.pro-football-reference.com/boxscores/202110240crd.htm
closed,2021,7,Sun,2021-10-24,LJmHetie5VbbO,Indianapolis,Colts,IND,indianapolis-colts,clt,IwSI92ZDKoazn,San Francisco,49ers,SF,san-francisco-49ers,sfo,A,H,30,18,https://www.pro-football-reference.com/boxscores/202110240sfo.htm
closed,2021,7,Mon,2021-10-25,CI5mhfNa0Zqd2,New Orleans,Saints,NO,new-orleans-saints,nor,4M8AK5p0WXs1N,Seattle,Seahawks,SEA,seattle-seahawks,sea,A,H,13,10,https://www.pro-football-reference.com/boxscores/202110250sea.htm
closed,2021,8,Thu,2021-10-28,D5QY6bOxfn8ZL,Green Bay,Packers,GB,green-bay-packers,gnb,GJizlkzQFaqGA,Arizona,Cardinals,ARI,arizona-cardinals,crd,A,H,24,21,https://www.pro-football-reference.com/boxscores/202110280crd.htm
closed,2021,8,Sun,2021-10-31,jJBGuksuDJF5L,Carolina,Panthers,CAR,carolina-panthers,car,mLspw4gJNTQGN,Atlanta,Falcons,ATL,atlanta-falcons,atl,A,H,19,13,https://www.pro-football-reference.com/boxscores/202110310atl.htm
closed,2021,8,Sun,2021-10-31,3VqeLK0LS9rpw,Buffalo,Bills,BUF,buffalo-bills,buf,mfbu6O5aMHbJg,Miami,Dolphins,MIA,miami-dolphins,mia,H,A,26,11,https://www.pro-football-reference.com/boxscores/202110310buf.htm
closed,2021,8,Sun,2021-10-31,IwSI92ZDKoazn,San Francisco,49ers,SF,san-francisco-49ers,sfo,1vVmWGzUZ1rea,Chicago,Bears,CHI,chicago-bears,chi,A,H,33,22,https://www.pro-football-reference.com/boxscores/202110310chi.htm
closed,2021,8,Sun,2021-10-31,mexvMWO2v1hWn,New York,Jets,NYJ,new-york-jets,nyj,22ZdibiqvfA2D,Cincinnati,Bengals,CIN,cincinnati-bengals,cin,H,A,34,31,https://www.pro-football-reference.com/boxscores/202110310nyj.htm
closed,2021,8,Sun,2021-10-31,SlVgURDFI7EXX,Pittsburgh,Steelers,PIT,pittsburgh-steelers,pit,IR4gIYmh269EI,Cleveland,Browns,CLE,cleveland-browns,cle,A,H,15,10,https://www.pro-football-reference.com/boxscores/202110310cle.htm
closed,2021,8,Sun,2021-10-31,ltMyRE3yvVUaw,Tennessee,Titans,TEN,tennessee-titans,oti,LJmHetie5VbbO,Indianapolis,Colts,IND,indianapolis-colts,clt,A,H,34,31,https://www.pro-football-reference.com/boxscores/202110310clt.htm
closed,2021,8,Sun,2021-10-31,hjjmgzxilGWdr,Philadelphia,Eagles,PHI,philadelphia-eagles,phi,FCuH1wdksA2DQ,Detroit,Lions,DET,detroit-lions,det,A,H,44,6,https://www.pro-football-reference.com/boxscores/202110310det.htm
closed,2021,8,Sun,2021-10-31,u98I1lDKQBwZ0,Los Angeles,Rams,LA,los-angeles-rams,ram,UI0Ax4HUEXFh6,Houston,Texans,HOU,houston-texans,htx,A,H,38,22,https://www.pro-football-reference.com/boxscores/202110310htx.htm
closed,2021,8,Sun,2021-10-31,4M8AK5p0WXs1N,Seattle,Seahawks,SEA,seattle-seahawks,sea,RtOjnciWkJPaL,Jacksonville,Jaguars,JAC,jacksonville-jaguars,jax,H,A,31,7,https://www.pro-football-reference.com/boxscores/202110310sea.htm
closed,2021,8,Sun,2021-10-31,VkxV91RtzHn65,New England,Patriots,NE,new-england-patriots,nwe,SjaMbkmeizJD4,Los Angeles,Chargers,LAC,los-angeles-chargers,sdg,A,H,27,24,https://www.pro-football-reference.com/boxscores/202110310sdg.htm
closed,2021,8,Sun,2021-10-31,CI5mhfNa0Zqd2,New Orleans,Saints,NO,new-orleans-saints,nor,QMAZH1v922YLu,Tampa Bay,Buccaneers,TB,tampa-bay-buccaneers,tam,H,A,36,27,https://www.pro-football-reference.com/boxscores/202110310nor.htm
closed,2021,8,Sun,2021-10-31,6DclFuycdPaOB,Denver,Broncos,DEN,denver-broncos,den,9JtBk8kFeaGEs,Washington,Football Team,WAS,washington-football-team,was,H,A,17,10,https://www.pro-football-reference.com/boxscores/202110310den.htm
closed,2021,8,Sun,2021-10-31,KdjU81i7YSFE7,Dallas,Cowboys,DAL,dallas-cowboys,dal,AzOs5UWsXusSW,Minnesota,Vikings,MIN,minnesota-vikings,min,A,H,20,16,https://www.pro-football-reference.com/boxscores/202110310min.htm
closed,2021,8,Mon,2021-11-01,oiGiwWPf0UqMC,Kansas City,Chiefs,KC,kansas-city-chiefs,kan,n8CuHV9wbYCqF,New York,Giants,NYG,new-york-giants,nyg,H,A,20,17,https://www.pro-football-reference.com/boxscores/202111010kan.htm
closed,2021,9,Thu,2021-11-04,LJmHetie5VbbO,Indianapolis,Colts,IND,indianapolis-colts,clt,mexvMWO2v1hWn,New York,Jets,NYJ,new-york-jets,nyj,H,A,45,30,https://www.pro-football-reference.com/boxscores/202111040clt.htm
closed,2021,9,Sun,2021-11-07,mLspw4gJNTQGN,Atlanta,Falcons,ATL,atlanta-falcons,atl,CI5mhfNa0Zqd2,New Orleans,Saints,NO,new-orleans-saints,nor,A,H,27,25,https://www.pro-football-reference.com/boxscores/202111070nor.htm
closed,2021,9,Sun,2021-11-07,RtOjnciWkJPaL,Jacksonville,Jaguars,JAC,jacksonville-jaguars,jax,3VqeLK0LS9rpw,Buffalo,Bills,BUF,buffalo-bills,buf,H,A,9,6,https://www.pro-football-reference.com/boxscores/202111070jax.htm
closed,2021,9,Sun,2021-11-07,6DclFuycdPaOB,Denver,Broncos,DEN,denver-broncos,den,KdjU81i7YSFE7,Dallas,Cowboys,DAL,dallas-cowboys,dal,A,H,30,16,https://www.pro-football-reference.com/boxscores/202111070dal.htm
closed,2021,9,Sun,2021-11-07,zyhFXj1nywrm1,Baltimore,Ravens,BAL,baltimore-ravens,rav,AzOs5UWsXusSW,Minnesota,Vikings,MIN,minnesota-vikings,min,H,A,34,31,https://www.pro-football-reference.com/boxscores/202111070rav.htm
closed,2021,9,Sun,2021-11-07,VkxV91RtzHn65,New England,Patriots,NE,new-england-patriots,nwe,jJBGuksuDJF5L,Carolina,Panthers,CAR,carolina-panthers,car,A,H,24,6,https://www.pro-football-reference.com/boxscores/202111070car.htm
closed,2021,9,Sun,2021-11-07,IR4gIYmh269EI,Cleveland,Browns,CLE,cleveland-browns,cle,22ZdibiqvfA2D,Cincinnati,Bengals,CIN,cincinnati-bengals,cin,A,H,41,16,https://www.pro-football-reference.com/boxscores/202111070cin.htm
closed,2021,9,Sun,2021-11-07,mfbu6O5aMHbJg,Miami,Dolphins,MIA,miami-dolphins,mia,UI0Ax4HUEXFh6,Houston,Texans,HOU,houston-texans,htx,H,A,17,9,https://www.pro-football-reference.com/boxscores/202111070mia.htm
closed,2021,9,Sun,2021-11-07,n8CuHV9wbYCqF,New York,Giants,NYG,new-york-giants,nyg,LZoDld8s63xUs,Las Vegas,Raiders,LV,las-vegas-raiders,rai,H,A,23,16,https://www.pro-football-reference.com/boxscores/202111070nyg.htm
closed,2021,9,Sun,2021-11-07,SjaMbkmeizJD4,Los Angeles,Chargers,LAC,los-angeles-chargers,sdg,hjjmgzxilGWdr,Philadelphia,Eagles,PHI,philadelphia-eagles,phi,A,H,27,24,https://www.pro-football-reference.com/boxscores/202111070phi.htm
closed,2021,9,Sun,2021-11-07,GJizlkzQFaqGA,Arizona,Cardinals,ARI,arizona-cardinals,crd,IwSI92ZDKoazn,San Francisco,49ers,SF,san-francisco-49ers,sfo,A,H,31,17,https://www.pro-football-reference.com/boxscores/202111070sfo.htm
closed,2021,9,Sun,2021-11-07,oiGiwWPf0UqMC,Kansas City,Chiefs,KC,kansas-city-chiefs,kan,D5QY6bOxfn8ZL,Green Bay,Packers,GB,green-bay-packers,gnb,H,A,13,7,https://www.pro-football-reference.com/boxscores/202111070kan.htm
closed,2021,9,Sun,2021-11-07,ltMyRE3yvVUaw,Tennessee,Titans,TEN,tennessee-titans,oti,u98I1lDKQBwZ0,Los Angeles,Rams,LA,los-angeles-rams,ram,A,H,28,16,https://www.pro-football-reference.com/boxscores/202111070ram.htm
closed,2021,9,Mon,2021-11-08,SlVgURDFI7EXX,Pittsburgh,Steelers,PIT,pittsburgh-steelers,pit,1vVmWGzUZ1rea,Chicago,Bears,CHI,chicago-bears,chi,H,A,29,27,https://www.pro-football-reference.com/boxscores/202111080pit.htm
closed,2021,10,Thu,2021-11-11,mfbu6O5aMHbJg,Miami,Dolphins,MIA,miami-dolphins,mia,zyhFXj1nywrm1,Baltimore,Ravens,BAL,baltimore-ravens,rav,H,A,22,10,https://www.pro-football-reference.com/boxscores/202111110mia.htm
closed,2021,10,Sun,2021-11-14,KdjU81i7YSFE7,Dallas,Cowboys,DAL,dallas-cowboys,dal,mLspw4gJNTQGN,Atlanta,Falcons,ATL,atlanta-falcons,atl,H,A,43,3,https://www.pro-football-reference.com/boxscores/202111140dal.htm
closed,2021,10,Sun,2021-11-14,3VqeLK0LS9rpw,Buffalo,Bills,BUF,buffalo-bills,buf,mexvMWO2v1hWn,New York,Jets,NYJ,new-york-jets,nyj,A,H,45,17,https://www.pro-football-reference.com/boxscores/202111140nyj.htm
closed,2021,10,Sun,2021-11-14,SlVgURDFI7EXX,Pittsburgh,Steelers,PIT,pittsburgh-steelers,pit,FCuH1wdksA2DQ,Detroit,Lions,DET,detroit-lions,det,H,A,16,16,https://www.pro-football-reference.com/boxscores/202111140pit.htm
closed,2021,10,Sun,2021-11-14,ltMyRE3yvVUaw,Tennessee,Titans,TEN,tennessee-titans,oti,CI5mhfNa0Zqd2,New Orleans,Saints,NO,new-orleans-saints,nor,H,A,23,21,https://www.pro-football-reference.com/boxscores/202111140oti.htm
closed,2021,10,Sun,2021-11-14,9JtBk8kFeaGEs,Washington,Football Team,WAS,washington-football-team,was,QMAZH1v922YLu,Tampa Bay,Buccaneers,TB,tampa-bay-buccaneers,tam,H,A,29,19,https://www.pro-football-reference.com/boxscores/202111140was.htm
closed,2021,10,Sun,2021-11-14,VkxV91RtzHn65,New England,Patriots,NE,new-england-patriots,nwe,IR4gIYmh269EI,Cleveland,Browns,CLE,cleveland-browns,cle,H,A,45,7,https://www.pro-football-reference.com/boxscores/202111140nwe.htm
closed,2021,10,Sun,2021-11-14,LJmHetie5VbbO,Indianapolis,Colts,IND,indianapolis-colts,clt,RtOjnciWkJPaL,Jacksonville,Jaguars,JAC,jacksonville-jaguars,jax,H,A,23,17,https://www.pro-football-reference.com/boxscores/202111140clt.htm
closed,2021,10,Sun,2021-11-14,AzOs5UWsXusSW,Minnesota,Vikings,MIN,minnesota-vikings,min,SjaMbkmeizJD4,Los Angeles,Chargers,LAC,los-angeles-chargers,sdg,A,H,27,20,https://www.pro-football-reference.com/boxscores/202111140sdg.htm
closed,2021,10,Sun,2021-11-14,jJBGuksuDJF5L,Carolina,Panthers,CAR,carolina-panthers,car,GJizlkzQFaqGA,Arizona,Cardinals,ARI,arizona-cardinals,crd,A,H,34,10,https://www.pro-football-reference.com/boxscores/202111140crd.htm
closed,2021,10,Sun,2021-11-14,hjjmgzxilGWdr,Philadelphia,Eagles,PHI,philadelphia-eagles,phi,6DclFuycdPaOB,Denver,Broncos,DEN,denver-broncos,den,A,H,30,13,https://www.pro-football-reference.com/boxscores/202111140den.htm
closed,2021,10,Sun,2021-11-14,D5QY6bOxfn8ZL,Green Bay,Packers,GB,green-bay-packers,gnb,4M8AK5p0WXs1N,Seattle,Seahawks,SEA,seattle-seahawks,sea,H,A,17,0,https://www.pro-football-reference.com/boxscores/202111140gnb.htm
closed,2021,10,Sun,2021-11-14,oiGiwWPf0UqMC,Kansas City,Chiefs,KC,kansas-city-chiefs,kan,LZoDld8s63xUs,Las Vegas,Raiders,LV,las-vegas-raiders,rai,A,H,41,14,https://www.pro-football-reference.com/boxscores/202111140rai.htm
closed,2021,10,Mon,2021-11-15,IwSI92ZDKoazn,San Francisco,49ers,SF,san-francisco-49ers,sfo,u98I1lDKQBwZ0,Los Angeles,Rams,LA,los-angeles-rams,ram,H,A,31,10,https://www.pro-football-reference.com/boxscores/202111150sfo.htm
closed,2021,11,Thu,2021-11-18,VkxV91RtzHn65,New England,Patriots,NE,new-england-patriots,nwe,mLspw4gJNTQGN,Atlanta,Falcons,ATL,atlanta-falcons,atl,A,H,25,0,https://www.pro-football-reference.com/boxscores/202111180atl.htm
closed,2021,11,Sun,2021-11-21,LJmHetie5VbbO,Indianapolis,Colts,IND,indianapolis-colts,clt,3VqeLK0LS9rpw,Buffalo,Bills,BUF,buffalo-bills,buf,A,H,41,15,https://www.pro-football-reference.com/boxscores/202111210buf.htm
closed,2021,11,Sun,2021-11-21,zyhFXj1nywrm1,Baltimore,Ravens,BAL,baltimore-ravens,rav,1vVmWGzUZ1rea,Chicago,Bears,CHI,chicago-bears,chi,A,H,16,13,https://www.pro-football-reference.com/boxscores/202111210chi.htm
closed,2021,11,Sun,2021-11-21,UI0Ax4HUEXFh6,Houston,Texans,HOU,houston-texans,htx,ltMyRE3yvVUaw,Tennessee,Titans,TEN,tennessee-titans,oti,A,H,22,13,https://www.pro-football-reference.com/boxscores/202111210oti.htm
closed,2021,11,Sun,2021-11-21,IwSI92ZDKoazn,San Francisco,49ers,SF,san-francisco-49ers,sfo,RtOjnciWkJPaL,Jacksonville,Jaguars,JAC,jacksonville-jaguars,jax,A,H,30,10,https://www.pro-football-reference.com/boxscores/202111210jax.htm
closed,2021,11,Sun,2021-11-21,hjjmgzxilGWdr,Philadelphia,Eagles,PHI,philadelphia-eagles,phi,CI5mhfNa0Zqd2,New Orleans,Saints,NO,new-orleans-saints,nor,H,A,40,29,https://www.pro-football-reference.com/boxscores/202111210phi.htm
closed,2021,11,Sun,2021-11-21,9JtBk8kFeaGEs,Washington,Football Team,WAS,washington-football-team,was,jJBGuksuDJF5L,Carolina,Panthers,CAR,carolina-panthers,car,A,H,27,21,https://www.pro-football-reference.com/boxscores/202111210car.htm
closed,2021,11,Sun,2021-11-21,IR4gIYmh269EI,Cleveland,Browns,CLE,cleveland-browns,cle,FCuH1wdksA2DQ,Detroit,Lions,DET,detroit-lions,det,H,A,13,10,https://www.pro-football-reference.com/boxscores/202111210cle.htm
closed,2021,11,Sun,2021-11-21,AzOs5UWsXusSW,Minnesota,Vikings,MIN,minnesota-vikings,min,D5QY6bOxfn8ZL,Green Bay,Packers,GB,green-bay-packers,gnb,H,A,34,31,https://www.pro-football-reference.com/boxscores/202111210min.htm
closed,2021,11,Sun,2021-11-21,mfbu6O5aMHbJg,Miami,Dolphins,MIA,miami-dolphins,mia,mexvMWO2v1hWn,New York,Jets,NYJ,new-york-jets,nyj,A,H,24,17,https://www.pro-football-reference.com/boxscores/202111210nyj.htm
closed,2021,11,Sun,2021-11-21,22ZdibiqvfA2D,Cincinnati,Bengals,CIN,cincinnati-bengals,cin,LZoDld8s63xUs,Las Vegas,Raiders,LV,las-vegas-raiders,rai,A,H,32,13,https://www.pro-football-reference.com/boxscores/202111210rai.htm
closed,2021,11,Sun,2021-11-21,oiGiwWPf0UqMC,Kansas City,Chiefs,KC,kansas-city-chiefs,kan,KdjU81i7YSFE7,Dallas,Cowboys,DAL,dallas-cowboys,dal,H,A,19,9,https://www.pro-football-reference.com/boxscores/202111210kan.htm
closed,2021,11,Sun,2021-11-21,GJizlkzQFaqGA,Arizona,Cardinals,ARI,arizona-cardinals,crd,4M8AK5p0WXs1N,Seattle,Seahawks,SEA,seattle-seahawks,sea,A,H,23,13,https://www.pro-football-reference.com/boxscores/202111210sea.htm
closed,2021,11,Sun,2021-11-21,SjaMbkmeizJD4,Los Angeles,Chargers,LAC,los-angeles-chargers,sdg,SlVgURDFI7EXX,Pittsburgh,Steelers,PIT,pittsburgh-steelers,pit,H,A,41,37,https://www.pro-football-reference.com/boxscores/202111210sdg.htm
closed,2021,11,Mon,2021-11-22,QMAZH1v922YLu,Tampa Bay,Buccaneers,TB,tampa-bay-buccaneers,tam,n8CuHV9wbYCqF,New York,Giants,NYG,new-york-giants,nyg,H,A,30,10,https://www.pro-football-reference.com/boxscores/202111220tam.htm
closed,2021,12,Thu,2021-11-25,1vVmWGzUZ1rea,Chicago,Bears,CHI,chicago-bears,chi,FCuH1wdksA2DQ,Detroit,Lions,DET,detroit-lions,det,A,H,16,14,https://www.pro-football-reference.com/boxscores/202111250det.htm
closed,2021,12,Thu,2021-11-25,LZoDld8s63xUs,Las Vegas,Raiders,LV,las-vegas-raiders,rai,KdjU81i7YSFE7,Dallas,Cowboys,DAL,dallas-cowboys,dal,A,H,36,33,https://www.pro-football-reference.com/boxscores/202111250dal.htm
closed,2021,12,Thu,2021-11-25,3VqeLK0LS9rpw,Buffalo,Bills,BUF,buffalo-bills,buf,CI5mhfNa0Zqd2,New Orleans,Saints,NO,new-orleans-saints,nor,A,H,31,6,https://www.pro-football-reference.com/boxscores/202111250nor.htm
closed,2021,12,Sun,2021-11-28,mLspw4gJNTQGN,Atlanta,Falcons,ATL,atlanta-falcons,atl,RtOjnciWkJPaL,Jacksonville,Jaguars,JAC,jacksonville-jaguars,jax,A,H,21,14,https://www.pro-football-reference.com/boxscores/202111280jax.htm
closed,2021,12,Sun,2021-11-28,22ZdibiqvfA2D,Cincinnati,Bengals,CIN,cincinnati-bengals,cin,SlVgURDFI7EXX,Pittsburgh,Steelers,PIT,pittsburgh-steelers,pit,H,A,41,10,https://www.pro-football-reference.com/boxscores/202111280cin.htm
closed,2021,12,Sun,2021-11-28,mexvMWO2v1hWn,New York,Jets,NYJ,new-york-jets,nyj,UI0Ax4HUEXFh6,Houston,Texans,HOU,houston-texans,htx,A,H,21,14,https://www.pro-football-reference.com/boxscores/202111280htx.htm
closed,2021,12,Sun,2021-11-28,n8CuHV9wbYCqF,New York,Giants,NYG,new-york-giants,nyg,hjjmgzxilGWdr,Philadelphia,Eagles,PHI,philadelphia-eagles,phi,H,A,13,7,https://www.pro-football-reference.com/boxscores/202111280nyg.htm
closed,2021,12,Sun,2021-11-28,mfbu6O5aMHbJg,Miami,Dolphins,MIA,miami-dolphins,mia,jJBGuksuDJF5L,Carolina,Panthers,CAR,carolina-panthers,car,H,A,33,10,https://www.pro-football-reference.com/boxscores/202111280mia.htm
closed,2021,12,Sun,2021-11-28,QMAZH1v922YLu,Tampa Bay,Buccaneers,TB,tampa-bay-buccaneers,tam,LJmHetie5VbbO,Indianapolis,Colts,IND,indianapolis-colts,clt,A,H,38,31,https://www.pro-football-reference.com/boxscores/202111280clt.htm
closed,2021,12,Sun,2021-11-28,VkxV91RtzHn65,New England,Patriots,NE,new-england-patriots,nwe,ltMyRE3yvVUaw,Tennessee,Titans,TEN,tennessee-titans,oti,H,A,36,13,https://www.pro-football-reference.com/boxscores/202111280nwe.htm
closed,2021,12,Sun,2021-11-28,6DclFuycdPaOB,Denver,Broncos,DEN,denver-broncos,den,SjaMbkmeizJD4,Los Angeles,Chargers,LAC,los-angeles-chargers,sdg,H,A,28,13,https://www.pro-football-reference.com/boxscores/202111280den.htm
closed,2021,12,Sun,2021-11-28,IwSI92ZDKoazn,San Francisco,49ers,SF,san-francisco-49ers,sfo,AzOs5UWsXusSW,Minnesota,Vikings,MIN,minnesota-vikings,min,H,A,34,26,https://www.pro-football-reference.com/boxscores/202111280sfo.htm
closed,2021,12,Sun,2021-11-28,D5QY6bOxfn8ZL,Green Bay,Packers,GB,green-bay-packers,gnb,u98I1lDKQBwZ0,Los Angeles,Rams,LA,los-angeles-rams,ram,H,A,36,28,https://www.pro-football-reference.com/boxscores/202111280gnb.htm
closed,2021,12,Sun,2021-11-28,zyhFXj1nywrm1,Baltimore,Ravens,BAL,baltimore-ravens,rav,IR4gIYmh269EI,Cleveland,Browns,CLE,cleveland-browns,cle,H,A,16,10,https://www.pro-football-reference.com/boxscores/202111280rav.htm
closed,2021,12,Mon,2021-11-29,9JtBk8kFeaGEs,Washington,Football Team,WAS,washington-football-team,was,4M8AK5p0WXs1N,Seattle,Seahawks,SEA,seattle-seahawks,sea,H,A,17,15,https://www.pro-football-reference.com/boxscores/202111290was.htm
closed,2021,13,Thu,2021-12-02,KdjU81i7YSFE7,Dallas,Cowboys,DAL,dallas-cowboys,dal,CI5mhfNa0Zqd2,New Orleans,Saints,NO,new-orleans-saints,nor,A,H,27,17,https://www.pro-football-reference.com/boxscores/202112020nor.htm
closed,2021,13,Sun,2021-12-05,QMAZH1v922YLu,Tampa Bay,Buccaneers,TB,tampa-bay-buccaneers,tam,mLspw4gJNTQGN,Atlanta,Falcons,ATL,atlanta-falcons,atl,A,H,30,17,https://www.pro-football-reference.com/boxscores/202112050atl.htm
closed,2021,13,Sun,2021-12-05,GJizlkzQFaqGA,Arizona,Cardinals,ARI,arizona-cardinals,crd,1vVmWGzUZ1rea,Chicago,Bears,CHI,chicago-bears,chi,A,H,33,22,https://www.pro-football-reference.com/boxscores/202112050chi.htm
closed,2021,13,Sun,2021-12-05,SjaMbkmeizJD4,Los Angeles,Chargers,LAC,los-angeles-chargers,sdg,22ZdibiqvfA2D,Cincinnati,Bengals,CIN,cincinnati-bengals,cin,A,H,41,22,https://www.pro-football-reference.com/boxscores/202112050cin.htm
closed,2021,13,Sun,2021-12-05,FCuH1wdksA2DQ,Detroit,Lions,DET,detroit-lions,det,AzOs5UWsXusSW,Minnesota,Vikings,MIN,minnesota-vikings,min,H,A,29,27,https://www.pro-football-reference.com/boxscores/202112050det.htm
closed,2021,13,Sun,2021-12-05,hjjmgzxilGWdr,Philadelphia,Eagles,PHI,philadelphia-eagles,phi,mexvMWO2v1hWn,New York,Jets,NYJ,new-york-jets,nyj,A,H,33,18,https://www.pro-football-reference.com/boxscores/202112050nyj.htm
closed,2021,13,Sun,2021-12-05,LJmHetie5VbbO,Indianapolis,Colts,IND,indianapolis-colts,clt,UI0Ax4HUEXFh6,Houston,Texans,HOU,houston-texans,htx,A,H,31,0,https://www.pro-football-reference.com/boxscores/202112050htx.htm
closed,2021,13,Sun,2021-12-05,mfbu6O5aMHbJg,Miami,Dolphins,MIA,miami-dolphins,mia,n8CuHV9wbYCqF,New York,Giants,NYG,new-york-giants,nyg,H,A,20,9,https://www.pro-football-reference.com/boxscores/202112050mia.htm
closed,2021,13,Sun,2021-12-05,4M8AK5p0WXs1N,Seattle,Seahawks,SEA,seattle-seahawks,sea,IwSI92ZDKoazn,San Francisco,49ers,SF,san-francisco-49ers,sfo,H,A,30,23,https://www.pro-football-reference.com/boxscores/202112050sea.htm
closed,2021,13,Sun,2021-12-05,9JtBk8kFeaGEs,Washington,Football Team,WAS,washington-football-team,was,LZoDld8s63xUs,Las Vegas,Raiders,LV,las-vegas-raiders,rai,A,H,17,15,https://www.pro-football-reference.com/boxscores/202112050rai.htm
closed,2021,13,Sun,2021-12-05,u98I1lDKQBwZ0,Los Angeles,Rams,LA,los-angeles-rams,ram,RtOjnciWkJPaL,Jacksonville,Jaguars,JAC,jacksonville-jaguars,jax,H,A,37,7,https://www.pro-football-reference.com/boxscores/202112050ram.htm
closed,2021,13,Sun,2021-12-05,SlVgURDFI7EXX,Pittsburgh,Steelers,PIT,pittsburgh-steelers,pit,zyhFXj1nywrm1,Baltimore,Ravens,BAL,baltimore-ravens,rav,H,A,20,19,https://www.pro-football-reference.com/boxscores/202112050pit.htm
closed,2021,13,Sun,2021-12-05,oiGiwWPf0UqMC,Kansas City,Chiefs,KC,kansas-city-chiefs,kan,6DclFuycdPaOB,Denver,Broncos,DEN,denver-broncos,den,H,A,22,9,https://www.pro-football-reference.com/boxscores/202112050kan.htm
closed,2021,13,Mon,2021-12-06,VkxV91RtzHn65,New England,Patriots,NE,new-england-patriots,nwe,3VqeLK0LS9rpw,Buffalo,Bills,BUF,buffalo-bills,buf,A,H,14,10,https://www.pro-football-reference.com/boxscores/202112060buf.htm
closed,2021,14,Thu,2021-12-09,AzOs5UWsXusSW,Minnesota,Vikings,MIN,minnesota-vikings,min,SlVgURDFI7EXX,Pittsburgh,Steelers,PIT,pittsburgh-steelers,pit,H,A,36,28,https://www.pro-football-reference.com/boxscores/202112090min.htm
closed,2021,14,Sun,2021-12-12,mLspw4gJNTQGN,Atlanta,Falcons,ATL,atlanta-falcons,atl,jJBGuksuDJF5L,Carolina,Panthers,CAR,carolina-panthers,car,A,H,29,21,https://www.pro-football-reference.com/boxscores/202112120car.htm
closed,2021,14,Sun,2021-12-12,IwSI92ZDKoazn,San Francisco,49ers,SF,san-francisco-49ers,sfo,22ZdibiqvfA2D,Cincinnati,Bengals,CIN,cincinnati-bengals,cin,A,H,26,23,https://www.pro-football-reference.com/boxscores/202112120cin.htm
closed,2021,14,Sun,2021-12-12,IR4gIYmh269EI,Cleveland,Browns,CLE,cleveland-browns,cle,zyhFXj1nywrm1,Baltimore,Ravens,BAL,baltimore-ravens,rav,H,A,24,22,https://www.pro-football-reference.com/boxscores/202112120cle.htm
closed,2021,14,Sun,2021-12-12,KdjU81i7YSFE7,Dallas,Cowboys,DAL,dallas-cowboys,dal,9JtBk8kFeaGEs,Washington,Football Team,WAS,washington-football-team,was,A,H,27,20,https://www.pro-football-reference.com/boxscores/202112120was.htm
closed,2021,14,Sun,2021-12-12,4M8AK5p0WXs1N,Seattle,Seahawks,SEA,seattle-seahawks,sea,UI0Ax4HUEXFh6,Houston,Texans,HOU,houston-texans,htx,A,H,33,13,https://www.pro-football-reference.com/boxscores/202112120htx.htm
closed,2021,14,Sun,2021-12-12,ltMyRE3yvVUaw,Tennessee,Titans,TEN,tennessee-titans,oti,RtOjnciWkJPaL,Jacksonville,Jaguars,JAC,jacksonville-jaguars,jax,H,A,20,0,https://www.pro-football-reference.com/boxscores/202112120oti.htm
closed,2021,14,Sun,2021-12-12,oiGiwWPf0UqMC,Kansas City,Chiefs,KC,kansas-city-chiefs,kan,LZoDld8s63xUs,Las Vegas,Raiders,LV,las-vegas-raiders,rai,H,A,48,9,https://www.pro-football-reference.com/boxscores/202112120kan.htm
closed,2021,14,Sun,2021-12-12,CI5mhfNa0Zqd2,New Orleans,Saints,NO,new-orleans-saints,nor,mexvMWO2v1hWn,New York,Jets,NYJ,new-york-jets,nyj,A,H,30,9,https://www.pro-football-reference.com/boxscores/202112120nyj.htm
closed,2021,14,Sun,2021-12-12,6DclFuycdPaOB,Denver,Broncos,DEN,denver-broncos,den,FCuH1wdksA2DQ,Detroit,Lions,DET,detroit-lions,det,H,A,38,10,https://www.pro-football-reference.com/boxscores/202112120den.htm
closed,2021,14,Sun,2021-12-12,SjaMbkmeizJD4,Los Angeles,Chargers,LAC,los-angeles-chargers,sdg,n8CuHV9wbYCqF,New York,Giants,NYG,new-york-giants,nyg,H,A,37,21,https://www.pro-football-reference.com/boxscores/202112120sdg.htm
closed,2021,14,Sun,2021-12-12,QMAZH1v922YLu,Tampa Bay,Buccaneers,TB,tampa-bay-buccaneers,tam,3VqeLK0LS9rpw,Buffalo,Bills,BUF,buffalo-bills,buf,H,A,33,27,https://www.pro-football-reference.com/boxscores/202112120tam.htm
closed,2021,14,Sun,2021-12-12,D5QY6bOxfn8ZL,Green Bay,Packers,GB,green-bay-packers,gnb,1vVmWGzUZ1rea,Chicago,Bears,CHI,chicago-bears,chi,H,A,45,30,https://www.pro-football-reference.com/boxscores/202112120gnb.htm
closed,2021,14,Mon,2021-12-13,u98I1lDKQBwZ0,Los Angeles,Rams,LA,los-angeles-rams,ram,GJizlkzQFaqGA,Arizona,Cardinals,ARI,arizona-cardinals,crd,A,H,30,23,https://www.pro-football-reference.com/boxscores/202112130crd.htm
closed,2021,15,Thu,2021-12-16,oiGiwWPf0UqMC,Kansas City,Chiefs,KC,kansas-city-chiefs,kan,SjaMbkmeizJD4,Los Angeles,Chargers,LAC,los-angeles-chargers,sdg,A,H,34,28,https://www.pro-football-reference.com/boxscores/202112160sdg.htm
closed,2021,15,Sat,2021-12-18,LJmHetie5VbbO,Indianapolis,Colts,IND,indianapolis-colts,clt,VkxV91RtzHn65,New England,Patriots,NE,new-england-patriots,nwe,H,A,27,17,https://www.pro-football-reference.com/boxscores/202112180clt.htm
closed,2021,15,Sun,2021-12-19,3VqeLK0LS9rpw,Buffalo,Bills,BUF,buffalo-bills,buf,jJBGuksuDJF5L,Carolina,Panthers,CAR,carolina-panthers,car,H,A,31,14,https://www.pro-football-reference.com/boxscores/202112190buf.htm
closed,2021,15,Sun,2021-12-19,FCuH1wdksA2DQ,Detroit,Lions,DET,detroit-lions,det,GJizlkzQFaqGA,Arizona,Cardinals,ARI,arizona-cardinals,crd,H,A,30,12,https://www.pro-football-reference.com/boxscores/202112190det.htm
closed,2021,15,Sun,2021-12-19,KdjU81i7YSFE7,Dallas,Cowboys,DAL,dallas-cowboys,dal,n8CuHV9wbYCqF,New York,Giants,NYG,new-york-giants,nyg,A,H,21,6,https://www.pro-football-reference.com/boxscores/202112190nyg.htm
closed,2021,15,Sun,2021-12-19,D5QY6bOxfn8ZL,Green Bay,Packers,GB,green-bay-packers,gnb,zyhFXj1nywrm1,Baltimore,Ravens,BAL,baltimore-ravens,rav,A,H,31,30,https://www.pro-football-reference.com/boxscores/202112190rav.htm
closed,2021,15,Sun,2021-12-19,UI0Ax4HUEXFh6,Houston,Texans,HOU,houston-texans,htx,RtOjnciWkJPaL,Jacksonville,Jaguars,JAC,jacksonville-jaguars,jax,A,H,30,16,https://www.pro-football-reference.com/boxscores/202112190jax.htm
closed,2021,15,Sun,2021-12-19,mfbu6O5aMHbJg,Miami,Dolphins,MIA,miami-dolphins,mia,mexvMWO2v1hWn,New York,Jets,NYJ,new-york-jets,nyj,H,A,31,24,https://www.pro-football-reference.com/boxscores/202112190mia.htm
closed,2021,15,Sun,2021-12-19,SlVgURDFI7EXX,Pittsburgh,Steelers,PIT,pittsburgh-steelers,pit,ltMyRE3yvVUaw,Tennessee,Titans,TEN,tennessee-titans,oti,H,A,19,13,https://www.pro-football-reference.com/boxscores/202112190pit.htm
closed,2021,15,Sun,2021-12-19,IwSI92ZDKoazn,San Francisco,49ers,SF,san-francisco-49ers,sfo,mLspw4gJNTQGN,Atlanta,Falcons,ATL,atlanta-falcons,atl,H,A,31,13,https://www.pro-football-reference.com/boxscores/202112190sfo.htm
closed,2021,15,Sun,2021-12-19,22ZdibiqvfA2D,Cincinnati,Bengals,CIN,cincinnati-bengals,cin,6DclFuycdPaOB,Denver,Broncos,DEN,denver-broncos,den,A,H,15,10,https://www.pro-football-reference.com/boxscores/202112190den.htm
closed,2021,15,Sun,2021-12-19,CI5mhfNa0Zqd2,New Orleans,Saints,NO,new-orleans-saints,nor,QMAZH1v922YLu,Tampa Bay,Buccaneers,TB,tampa-bay-buccaneers,tam,A,H,9,0,https://www.pro-football-reference.com/boxscores/202112190tam.htm
closed,2021,15,Mon,2021-12-20,LZoDld8s63xUs,Las Vegas,Raiders,LV,las-vegas-raiders,rai,IR4gIYmh269EI,Cleveland,Browns,CLE,cleveland-browns,cle,A,H,16,14,https://www.pro-football-reference.com/boxscores/202112200cle.htm
closed,2021,15,Mon,2021-12-20,AzOs5UWsXusSW,Minnesota,Vikings,MIN,minnesota-vikings,min,1vVmWGzUZ1rea,Chicago,Bears,CHI,chicago-bears,chi,A,H,17,9,https://www.pro-football-reference.com/boxscores/202112200chi.htm
closed,2021,15,Tue,2021-12-21,hjjmgzxilGWdr,Philadelphia,Eagles,PHI,philadelphia-eagles,phi,9JtBk8kFeaGEs,Washington,Football Team,WAS,washington-football-team,was,H,A,27,17,https://www.pro-football-reference.com/boxscores/202112210phi.htm
closed,2021,15,Tue,2021-12-21,u98I1lDKQBwZ0,Los Angeles,Rams,LA,los-angeles-rams,ram,4M8AK5p0WXs1N,Seattle,Seahawks,SEA,seattle-seahawks,sea,H,A,20,10,https://www.pro-football-reference.com/boxscores/202112210ram.htm
closed,2021,16,Thu,2021-12-23,ltMyRE3yvVUaw,Tennessee,Titans,TEN,tennessee-titans,oti,IwSI92ZDKoazn,San Francisco,49ers,SF,san-francisco-49ers,sfo,H,A,20,17,https://www.pro-football-reference.com/boxscores/202112230oti.htm
closed,2021,16,Sat,2021-12-25,D5QY6bOxfn8ZL,Green Bay,Packers,GB,green-bay-packers,gnb,IR4gIYmh269EI,Cleveland,Browns,CLE,cleveland-browns,cle,H,A,24,22,https://www.pro-football-reference.com/boxscores/202112250gnb.htm
closed,2021,16,Sat,2021-12-25,LJmHetie5VbbO,Indianapolis,Colts,IND,indianapolis-colts,clt,GJizlkzQFaqGA,Arizona,Cardinals,ARI,arizona-cardinals,crd,A,H,22,16,https://www.pro-football-reference.com/boxscores/202112250crd.htm
closed,2021,16,Sun,2021-12-26,mLspw4gJNTQGN,Atlanta,Falcons,ATL,atlanta-falcons,atl,FCuH1wdksA2DQ,Detroit,Lions,DET,detroit-lions,det,H,A,20,16,https://www.pro-football-reference.com/boxscores/202112260atl.htm
closed,2021,16,Sun,2021-12-26,3VqeLK0LS9rpw,Buffalo,Bills,BUF,buffalo-bills,buf,VkxV91RtzHn65,New England,Patriots,NE,new-england-patriots,nwe,A,H,33,21,https://www.pro-football-reference.com/boxscores/202112260nwe.htm
closed,2021,16,Sun,2021-12-26,QMAZH1v922YLu,Tampa Bay,Buccaneers,TB,tampa-bay-buccaneers,tam,jJBGuksuDJF5L,Carolina,Panthers,CAR,carolina-panthers,car,A,H,32,6,https://www.pro-football-reference.com/boxscores/202112260car.htm
closed,2021,16,Sun,2021-12-26,22ZdibiqvfA2D,Cincinnati,Bengals,CIN,cincinnati-bengals,cin,zyhFXj1nywrm1,Baltimore,Ravens,BAL,baltimore-ravens,rav,H,A,41,21,https://www.pro-football-reference.com/boxscores/202112260cin.htm
closed,2021,16,Sun,2021-12-26,UI0Ax4HUEXFh6,Houston,Texans,HOU,houston-texans,htx,SjaMbkmeizJD4,Los Angeles,Chargers,LAC,los-angeles-chargers,sdg,H,A,41,29,https://www.pro-football-reference.com/boxscores/202112260htx.htm
closed,2021,16,Sun,2021-12-26,mexvMWO2v1hWn,New York,Jets,NYJ,new-york-jets,nyj,RtOjnciWkJPaL,Jacksonville,Jaguars,JAC,jacksonville-jaguars,jax,H,A,26,21,https://www.pro-football-reference.com/boxscores/202112260nyj.htm
closed,2021,16,Sun,2021-12-26,u98I1lDKQBwZ0,Los Angeles,Rams,LA,los-angeles-rams,ram,AzOs5UWsXusSW,Minnesota,Vikings,MIN,minnesota-vikings,min,A,H,30,23,https://www.pro-football-reference.com/boxscores/202112260min.htm
closed,2021,16,Sun,2021-12-26,hjjmgzxilGWdr,Philadelphia,Eagles,PHI,philadelphia-eagles,phi,n8CuHV9wbYCqF,New York,Giants,NYG,new-york-giants,nyg,H,A,34,10,https://www.pro-football-reference.com/boxscores/202112260phi.htm
closed,2021,16,Sun,2021-12-26,1vVmWGzUZ1rea,Chicago,Bears,CHI,chicago-bears,chi,4M8AK5p0WXs1N,Seattle,Seahawks,SEA,seattle-seahawks,sea,A,H,25,24,https://www.pro-football-reference.com/boxscores/202112260sea.htm
closed,2021,16,Sun,2021-12-26,LZoDld8s63xUs,Las Vegas,Raiders,LV,las-vegas-raiders,rai,6DclFuycdPaOB,Denver,Broncos,DEN,denver-broncos,den,H,A,17,13,https://www.pro-football-reference.com/boxscores/202112260rai.htm
closed,2021,16,Sun,2021-12-26,oiGiwWPf0UqMC,Kansas City,Chiefs,KC,kansas-city-chiefs,kan,SlVgURDFI7EXX,Pittsburgh,Steelers,PIT,pittsburgh-steelers,pit,H,A,36,10,https://www.pro-football-reference.com/boxscores/202112260kan.htm
closed,2021,16,Sun,2021-12-26,KdjU81i7YSFE7,Dallas,Cowboys,DAL,dallas-cowboys,dal,9JtBk8kFeaGEs,Washington,Football Team,WAS,washington-football-team,was,H,A,56,14,https://www.pro-football-reference.com/boxscores/202112260dal.htm
closed,2021,16,Mon,2021-12-27,mfbu6O5aMHbJg,Miami,Dolphins,MIA,miami-dolphins,mia,CI5mhfNa0Zqd2,New Orleans,Saints,NO,new-orleans-saints,nor,A,H,20,3,https://www.pro-football-reference.com/boxscores/202112270nor.htm
closed,2021,17,Sun,2022-01-02,3VqeLK0LS9rpw,Buffalo,Bills,BUF,buffalo-bills,buf,mLspw4gJNTQGN,Atlanta,Falcons,ATL,atlanta-falcons,atl,H,A,29,15,https://www.pro-football-reference.com/boxscores/202201020buf.htm
closed,2021,17,Sun,2022-01-02,CI5mhfNa0Zqd2,New Orleans,Saints,NO,new-orleans-saints,nor,jJBGuksuDJF5L,Carolina,Panthers,CAR,carolina-panthers,car,H,A,18,10,https://www.pro-football-reference.com/boxscores/202201020nor.htm
closed,2021,17,Sun,2022-01-02,1vVmWGzUZ1rea,Chicago,Bears,CHI,chicago-bears,chi,n8CuHV9wbYCqF,New York,Giants,NYG,new-york-giants,nyg,H,A,29,3,https://www.pro-football-reference.com/boxscores/202201020chi.htm
closed,2021,17,Sun,2022-01-02,22ZdibiqvfA2D,Cincinnati,Bengals,CIN,cincinnati-bengals,cin,oiGiwWPf0UqMC,Kansas City,Chiefs,KC,kansas-city-chiefs,kan,H,A,34,31,https://www.pro-football-reference.com/boxscores/202201020cin.htm
closed,2021,17,Sun,2022-01-02,LZoDld8s63xUs,Las Vegas,Raiders,LV,las-vegas-raiders,rai,LJmHetie5VbbO,Indianapolis,Colts,IND,indianapolis-colts,clt,A,H,23,20,https://www.pro-football-reference.com/boxscores/202201020clt.htm
closed,2021,17,Sun,2022-01-02,GJizlkzQFaqGA,Arizona,Cardinals,ARI,arizona-cardinals,crd,KdjU81i7YSFE7,Dallas,Cowboys,DAL,dallas-cowboys,dal,A,H,25,22,https://www.pro-football-reference.com/boxscores/202201020dal.htm
closed,2021,17,Sun,2022-01-02,VkxV91RtzHn65,New England,Patriots,NE,new-england-patriots,nwe,RtOjnciWkJPaL,Jacksonville,Jaguars,JAC,jacksonville-jaguars,jax,H,A,50,10,https://www.pro-football-reference.com/boxscores/202201020nwe.htm
closed,2021,17,Sun,2022-01-02,ltMyRE3yvVUaw,Tennessee,Titans,TEN,tennessee-titans,oti,mfbu6O5aMHbJg,Miami,Dolphins,MIA,miami-dolphins,mia,H,A,34,3,https://www.pro-football-reference.com/boxscores/202201020oti.htm
closed,2021,17,Sun,2022-01-02,QMAZH1v922YLu,Tampa Bay,Buccaneers,TB,tampa-bay-buccaneers,tam,mexvMWO2v1hWn,New York,Jets,NYJ,new-york-jets,nyj,A,H,28,24,https://www.pro-football-reference.com/boxscores/202201020nyj.htm
closed,2021,17,Sun,2022-01-02,hjjmgzxilGWdr,Philadelphia,Eagles,PHI,philadelphia-eagles,phi,9JtBk8kFeaGEs,Washington,Football Team,WAS,washington-football-team,was,A,H,20,16,https://www.pro-football-reference.com/boxscores/202201020was.htm
closed,2021,17,Sun,2022-01-02,SjaMbkmeizJD4,Los Angeles,Chargers,LAC,los-angeles-chargers,sdg,6DclFuycdPaOB,Denver,Broncos,DEN,denver-broncos,den,H,A,34,13,https://www.pro-football-reference.com/boxscores/202201020sdg.htm
closed,2021,17,Sun,2022-01-02,IwSI92ZDKoazn,San Francisco,49ers,SF,san-francisco-49ers,sfo,UI0Ax4HUEXFh6,Houston,Texans,HOU,houston-texans,htx,H,A,23,7,https://www.pro-football-reference.com/boxscores/202201020sfo.htm
closed,2021,17,Sun,2022-01-02,4M8AK5p0WXs1N,Seattle,Seahawks,SEA,seattle-seahawks,sea,FCuH1wdksA2DQ,Detroit,Lions,DET,detroit-lions,det,H,A,51,29,https://www.pro-football-reference.com/boxscores/202201020sea.htm
closed,2021,17,Sun,2022-01-02,u98I1lDKQBwZ0,Los Angeles,Rams,LA,los-angeles-rams,ram,zyhFXj1nywrm1,Baltimore,Ravens,BAL,baltimore-ravens,rav,A,H,20,19,https://www.pro-football-reference.com/boxscores/202201020rav.htm
closed,2021,17,Sun,2022-01-02,D5QY6bOxfn8ZL,Green Bay,Packers,GB,green-bay-packers,gnb,AzOs5UWsXusSW,Minnesota,Vikings,MIN,minnesota-vikings,min,H,A,37,10,https://www.pro-football-reference.com/boxscores/202201020gnb.htm
closed,2021,17,Mon,2022-01-03,SlVgURDFI7EXX,Pittsburgh,Steelers,PIT,pittsburgh-steelers,pit,IR4gIYmh269EI,Cleveland,Browns,CLE,cleveland-browns,cle,H,A,26,14,https://www.pro-football-reference.com/boxscores/202201030pit.htm
closed,2021,18,Sat,2022-01-08,oiGiwWPf0UqMC,Kansas City,Chiefs,KC,kansas-city-chiefs,kan,6DclFuycdPaOB,Denver,Broncos,DEN,denver-broncos,den,A,H,28,24,https://www.pro-football-reference.com/boxscores/202201080den.htm
closed,2021,18,Sat,2022-01-08,KdjU81i7YSFE7,Dallas,Cowboys,DAL,dallas-cowboys,dal,hjjmgzxilGWdr,Philadelphia,Eagles,PHI,philadelphia-eagles,phi,A,H,51,26,https://www.pro-football-reference.com/boxscores/202201080phi.htm
closed,2021,18,Sun,2022-01-09,CI5mhfNa0Zqd2,New Orleans,Saints,NO,new-orleans-saints,nor,mLspw4gJNTQGN,Atlanta,Falcons,ATL,atlanta-falcons,atl,A,H,30,20,https://www.pro-football-reference.com/boxscores/202201090atl.htm
closed,2021,18,Sun,2022-01-09,3VqeLK0LS9rpw,Buffalo,Bills,BUF,buffalo-bills,buf,mexvMWO2v1hWn,New York,Jets,NYJ,new-york-jets,nyj,H,A,27,10,https://www.pro-football-reference.com/boxscores/202201090buf.htm
closed,2021,18,Sun,2022-01-09,QMAZH1v922YLu,Tampa Bay,Buccaneers,TB,tampa-bay-buccaneers,tam,jJBGuksuDJF5L,Carolina,Panthers,CAR,carolina-panthers,car,H,A,41,17,https://www.pro-football-reference.com/boxscores/202201090tam.htm
closed,2021,18,Sun,2022-01-09,AzOs5UWsXusSW,Minnesota,Vikings,MIN,minnesota-vikings,min,1vVmWGzUZ1rea,Chicago,Bears,CHI,chicago-bears,chi,H,A,31,17,https://www.pro-football-reference.com/boxscores/202201090min.htm
closed,2021,18,Sun,2022-01-09,IR4gIYmh269EI,Cleveland,Browns,CLE,cleveland-browns,cle,22ZdibiqvfA2D,Cincinnati,Bengals,CIN,cincinnati-bengals,cin,H,A,21,16,https://www.pro-football-reference.com/boxscores/202201090cle.htm
closed,2021,18,Sun,2022-01-09,RtOjnciWkJPaL,Jacksonville,Jaguars,JAC,jacksonville-jaguars,jax,LJmHetie5VbbO,Indianapolis,Colts,IND,indianapolis-colts,clt,H,A,26,11,https://www.pro-football-reference.com/boxscores/202201090jax.htm
closed,2021,18,Sun,2022-01-09,FCuH1wdksA2DQ,Detroit,Lions,DET,detroit-lions,det,D5QY6bOxfn8ZL,Green Bay,Packers,GB,green-bay-packers,gnb,H,A,37,30,https://www.pro-football-reference.com/boxscores/202201090det.htm
closed,2021,18,Sun,2022-01-09,ltMyRE3yvVUaw,Tennessee,Titans,TEN,tennessee-titans,oti,UI0Ax4HUEXFh6,Houston,Texans,HOU,houston-texans,htx,A,H,28,25,https://www.pro-football-reference.com/boxscores/202201090htx.htm
closed,2021,18,Sun,2022-01-09,mfbu6O5aMHbJg,Miami,Dolphins,MIA,miami-dolphins,mia,VkxV91RtzHn65,New England,Patriots,NE,new-england-patriots,nwe,H,A,33,24,https://www.pro-football-reference.com/boxscores/202201090mia.htm
closed,2021,18,Sun,2022-01-09,9JtBk8kFeaGEs,Washington,Football Team,WAS,washington-football-team,was,n8CuHV9wbYCqF,New York,Giants,NYG,new-york-giants,nyg,A,H,22,7,https://www.pro-football-reference.com/boxscores/202201090nyg.htm
closed,2021,18,Sun,2022-01-09,SlVgURDFI7EXX,Pittsburgh,Steelers,PIT,pittsburgh-steelers,pit,zyhFXj1nywrm1,Baltimore,Ravens,BAL,baltimore-ravens,rav,A,H,16,13,https://www.pro-football-reference.com/boxscores/202201090rav.htm
closed,2021,18,Sun,2022-01-09,4M8AK5p0WXs1N,Seattle,Seahawks,SEA,seattle-seahawks,sea,GJizlkzQFaqGA,Arizona,Cardinals,ARI,arizona-cardinals,crd,A,H,38,30,https://www.pro-football-reference.com/boxscores/202201090crd.htm
closed,2021,18,Sun,2022-01-09,IwSI92ZDKoazn,San Francisco,49ers,SF,san-francisco-49ers,sfo,u98I1lDKQBwZ0,Los Angeles,Rams,LA,los-angeles-rams,ram,A,H,27,24,https://www.pro-football-reference.com/boxscores/202201090ram.htm
closed,2021,18,Sun,2022-01-09,LZoDld8s63xUs,Las Vegas,Raiders,LV,las-vegas-raiders,rai,SjaMbkmeizJD4,Los Angeles,Chargers,LAC,los-angeles-chargers,sdg,H,A,35,32,https://www.pro-football-reference.com/boxscores/202201090rai.htm
closed,2021,19,Sat,2022-01-15,22ZdibiqvfA2D,Cincinnati,Bengals,CIN,cincinnati-bengals,cin,LZoDld8s63xUs,Las Vegas,Raiders,LV,las-vegas-raiders,rai,H,A,26,19,https://www.pro-football-reference.com/boxscores/202201150cin.htm
closed,2021,19,Sat,2022-01-15,3VqeLK0LS9rpw,Buffalo,Bills,BUF,buffalo-bills,buf,VkxV91RtzHn65,New England,Patriots,NE,new-england-patriots,nwe,H,A,47,17,https://www.pro-football-reference.com/boxscores/202201150buf.htm
closed,2021,19,Sun,2022-01-16,QMAZH1v922YLu,Tampa Bay,Buccaneers,TB,tampa-bay-buccaneers,tam,hjjmgzxilGWdr,Philadelphia,Eagles,PHI,philadelphia-eagles,phi,H,A,31,15,https://www.pro-football-reference.com/boxscores/202201160tam.htm
closed,2021,19,Sun,2022-01-16,IwSI92ZDKoazn,San Francisco,49ers,SF,san-francisco-49ers,sfo,KdjU81i7YSFE7,Dallas,Cowboys,DAL,dallas-cowboys,dal,A,H,23,17,https://www.pro-football-reference.com/boxscores/202201160dal.htm
closed,2021,19,Sun,2022-01-16,oiGiwWPf0UqMC,Kansas City,Chiefs,KC,kansas-city-chiefs,kan,SlVgURDFI7EXX,Pittsburgh,Steelers,PIT,pittsburgh-steelers,pit,H,A,42,21,https://www.pro-football-reference.com/boxscores/202201160kan.htm
closed,2021,19,Mon,2022-01-17,u98I1lDKQBwZ0,Los Angeles,Rams,LA,los-angeles-rams,ram,GJizlkzQFaqGA,Arizona,Cardinals,ARI,arizona-cardinals,crd,H,A,34,11,https://www.pro-football-reference.com/boxscores/202201170ram.htm
closed,2021,20,Sat,2022-01-22,22ZdibiqvfA2D,Cincinnati,Bengals,CIN,cincinnati-bengals,cin,ltMyRE3yvVUaw,Tennessee,Titans,TEN,tennessee-titans,oti,A,H,19,16,https://www.pro-football-reference.com/boxscores/202201220oti.htm
closed,2021,20,Sat,2022-01-22,IwSI92ZDKoazn,San Francisco,49ers,SF,san-francisco-49ers,sfo,D5QY6bOxfn8ZL,Green Bay,Packers,GB,green-bay-packers,gnb,A,H,13,10,https://www.pro-football-reference.com/boxscores/202201220gnb.htm
closed,2021,20,Sun,2022-01-23,u98I1lDKQBwZ0,Los Angeles,Rams,LA,los-angeles-rams,ram,QMAZH1v922YLu,Tampa Bay,Buccaneers,TB,tampa-bay-buccaneers,tam,A,H,30,27,https://www.pro-football-reference.com/boxscores/202201230tam.htm
closed,2021,20,Sun,2022-01-23,oiGiwWPf0UqMC,Kansas City,Chiefs,KC,kansas-city-chiefs,kan,3VqeLK0LS9rpw,Buffalo,Bills,BUF,buffalo-bills,buf,H,A,42,36,https://www.pro-football-reference.com/boxscores/202201230kan.htm
closed,2021,21,Sun,2022-01-30,22ZdibiqvfA2D,Cincinnati,Bengals,CIN,cincinnati-bengals,cin,oiGiwWPf0UqMC,Kansas City,Chiefs,KC,kansas-city-chiefs,kan,A,H,27,24,https://www.pro-football-reference.com/boxscores/202201300kan.htm
closed,2021,21,Sun,2022-01-30,u98I1lDKQBwZ0,Los Angeles,Rams,LA,los-angeles-rams,ram,IwSI92ZDKoazn,San Francisco,49ers,SF,san-francisco-49ers,sfo,H,A,20,17,https://www.pro-football-reference.com/boxscores/202201300ram.htm
closed,2021,22,Sun,2022-02-13,u98I1lDKQBwZ0,Los Angeles,Rams,LA,los-angeles-rams,ram,22ZdibiqvfA2D,Cincinnati,Bengals,CIN,cincinnati-bengals,cin,N,N,23,20,https://www.pro-football-reference.com/boxscores/202202130cin.htm
