season,event_date,tm_nano,tm_market,tm_name,tm_alias,opp_nano,opp_market,opp_name,opp_alias,tm_spread,opp_spread,total,attendance,duration,roof_type,surface_type,won_toss,won_toss_decision,won_toss_overtime,won_toss_overtime_decision,temperature,humidity_pct,wind_speed,boxscore_stats_link
2024,2024-09-05,oiGiwWPf0UqMC,Kansas City,Chiefs,KC,zyhFXj1nywrm1,Baltimore,Ravens,BAL,-3.0,3.0,,73611,190,Outdoors,Grass,KC,Deferred,,,67.0,53.0,8.0,https://www.pro-football-reference.com/boxscores/202409050kan.htm
2024,2024-09-06,hjjmgzxilGWdr,Philadelphia,Eagles,PHI,D5QY6bOxfn8ZL,Green Bay,Packers,GB,-2.0,2.0,,47236,209,,,GB,Accepted,,,,,,https://www.pro-football-reference.com/boxscores/202409060phi.htm
2024,2024-09-08,mLspw4gJNTQGN,Atlanta,Falcons,ATL,SlVgURDFI7EXX,Pittsburgh,Steelers,PIT,-3.5,3.5,,72291,176,Retractable roof (closed),Fieldturf,ATL,Accepted,,,,,,https://www.pro-football-reference.com/boxscores/202409080atl.htm
2024,2024-09-08,3VqeLK0LS9rpw,Buffalo,Bills,BUF,GJizlkzQFaqGA,Arizona,Cardinals,ARI,-6.5,6.5,,70542,179,Outdoors,A_turf,ARI,Accepted,,,61.0,55.0,20.0,https://www.pro-football-reference.com/boxscores/202409080buf.htm
2024,2024-09-08,CI5mhfNa0Zqd2,New Orleans,Saints,NO,jJBGuksuDJF5L,Carolina,Panthers,CAR,-4.0,4.0,,70007,190,Dome,Sportturf,CAR,Deferred,,,,,,https://www.pro-football-reference.com/boxscores/202409080nor.htm
2024,2024-09-08,1vVmWGzUZ1rea,Chicago,Bears,CHI,ltMyRE3yvVUaw,Tennessee,Titans,TEN,-3.5,3.5,,59403,180,Outdoors,Grass,CHI,Deferred,,,67.0,43.0,8.0,https://www.pro-football-reference.com/boxscores/202409080chi.htm
2024,2024-09-08,22ZdibiqvfA2D,Cincinnati,Bengals,CIN,VkxV91RtzHn65,New England,Patriots,NE,-7.5,7.5,,66214,169,Outdoors,Fieldturf,NE,Deferred,,,66.0,40.0,5.0,https://www.pro-football-reference.com/boxscores/202409080cin.htm
2024,2024-09-08,LJmHetie5VbbO,Indianapolis,Colts,IND,UI0Ax4HUEXFh6,Houston,Texans,HOU,2.5,-2.5,,65306,182,Retractable roof (open),Fieldturf,IND,Accepted,,,,,,https://www.pro-football-reference.com/boxscores/202409080clt.htm
2024,2024-09-08,mfbu6O5aMHbJg,Miami,Dolphins,MIA,RtOjnciWkJPaL,Jacksonville,Jaguars,JAC,-3.5,3.5,,65582,183,Outdoors,Grass,JAC,Deferred,,,91.0,57.0,10.0,https://www.pro-football-reference.com/boxscores/202409080mia.htm
2024,2024-09-08,n8CuHV9wbYCqF,New York,Giants,NYG,AzOs5UWsXusSW,Minnesota,Vikings,MIN,1.5,-1.5,,81908,172,Outdoors,Fieldturf,MIN,Deferred,,,64.0,48.0,10.0,https://www.pro-football-reference.com/boxscores/202409080nyg.htm
2024,2024-09-08,4M8AK5p0WXs1N,Seattle,Seahawks,SEA,6DclFuycdPaOB,Denver,Broncos,DEN,-6.0,6.0,,68714,195,Outdoors,Fieldturf,DEN,Deferred,,,73.0,72.0,7.0,https://www.pro-football-reference.com/boxscores/202409080sea.htm
2024,2024-09-08,SjaMbkmeizJD4,Los Angeles,Chargers,LAC,LZoDld8s63xUs,Las Vegas,Raiders,LV,-3.0,3.0,,70240,170,Dome,Matrixturf,LV,Deferred,,,,,,https://www.pro-football-reference.com/boxscores/202409080sdg.htm
2024,2024-09-08,IR4gIYmh269EI,Cleveland,Browns,CLE,KdjU81i7YSFE7,Dallas,Cowboys,DAL,-2.5,2.5,,67431,199,Outdoors,Grass,CLE,Deferred,,,68.0,41.0,15.0,https://www.pro-football-reference.com/boxscores/202409080cle.htm
2024,2024-09-08,QMAZH1v922YLu,Tampa Bay,Buccaneers,TB,9JtBk8kFeaGEs,Washington,Football Team,WAS,-3.5,3.5,,63020,182,Outdoors,Grass,TB,Accepted,,,93.0,60.0,6.0,https://www.pro-football-reference.com/boxscores/202409080tam.htm
2024,2024-09-08,FCuH1wdksA2DQ,Detroit,Lions,DET,u98I1lDKQBwZ0,Los Angeles,Rams,LA,-4.5,4.5,,66530,194,Dome,Fieldturf,DET,Deferred,DET,Accepted,,,,https://www.pro-football-reference.com/boxscores/202409080det.htm
2024,2024-09-09,IwSI92ZDKoazn,San Francisco,49ers,SF,mexvMWO2v1hWn,New York,Jets,NYJ,-4.0,4.0,,71319,171,Outdoors,Grass,SF,Deferred,,,76.0,60.0,10.0,https://www.pro-football-reference.com/boxscores/202409090sfo.htm
2024,2024-09-12,mfbu6O5aMHbJg,Miami,Dolphins,MIA,3VqeLK0LS9rpw,Buffalo,Bills,BUF,-2.0,2.0,,65601,175,Outdoors,Grass,BUF,Deferred,,,86.0,79.0,3.0,https://www.pro-football-reference.com/boxscores/202409120mia.htm
2024,2024-09-15,jJBGuksuDJF5L,Carolina,Panthers,CAR,SjaMbkmeizJD4,Los Angeles,Chargers,LAC,5.0,-5.0,,70145,163,Outdoors,Grass,CAR,Deferred,,,78.0,66.0,13.0,https://www.pro-football-reference.com/boxscores/202409150car.htm
2024,2024-09-15,RtOjnciWkJPaL,Jacksonville,Jaguars,JAC,IR4gIYmh269EI,Cleveland,Browns,CLE,-3.0,3.0,,60105,193,Outdoors,Grass,CLE,Deferred,,,80.0,78.0,12.0,https://www.pro-football-reference.com/boxscores/202409150jax.htm
2024,2024-09-15,D5QY6bOxfn8ZL,Green Bay,Packers,GB,LJmHetie5VbbO,Indianapolis,Colts,IND,2.5,-2.5,,77827,169,Outdoors,Grass,IND,Deferred,,,85.0,58.0,7.0,https://www.pro-football-reference.com/boxscores/202409150gnb.htm
2024,2024-09-15,KdjU81i7YSFE7,Dallas,Cowboys,DAL,CI5mhfNa0Zqd2,New Orleans,Saints,NO,-6.0,6.0,,93691,174,Retractable roof (closed),Matrixturf,DAL,Deferred,,,,,,https://www.pro-football-reference.com/boxscores/202409150dal.htm
2024,2024-09-15,FCuH1wdksA2DQ,Detroit,Lions,DET,QMAZH1v922YLu,Tampa Bay,Buccaneers,TB,-7.5,7.5,,64160,181,Dome,Fieldturf,DET,Deferred,,,,,,https://www.pro-football-reference.com/boxscores/202409150det.htm
2024,2024-09-15,AzOs5UWsXusSW,Minnesota,Vikings,MIN,IwSI92ZDKoazn,San Francisco,49ers,SF,4.5,-4.5,,66741,178,Dome,Sportturf,MIN,Deferred,,,,,,https://www.pro-football-reference.com/boxscores/202409150min.htm
2024,2024-09-15,VkxV91RtzHn65,New England,Patriots,NE,4M8AK5p0WXs1N,Seattle,Seahawks,SEA,3.0,-3.0,,64686,192,Outdoors,Fieldturf,SEA,Deferred,NE,Accepted,77.0,50.0,5.0,https://www.pro-football-reference.com/boxscores/202409150nwe.htm
2024,2024-09-15,9JtBk8kFeaGEs,Washington,Football Team,WAS,n8CuHV9wbYCqF,New York,Giants,NYG,-1.0,1.0,,61841,187,Outdoors,Grass,NYG,Deferred,,,82.0,49.0,11.0,https://www.pro-football-reference.com/boxscores/202409150was.htm
2024,2024-09-15,ltMyRE3yvVUaw,Tennessee,Titans,TEN,mexvMWO2v1hWn,New York,Jets,NYJ,3.5,-3.5,,65509,182,Outdoors,Grass,NYJ,Deferred,,,80.0,51.0,13.0,https://www.pro-football-reference.com/boxscores/202409150oti.htm
2024,2024-09-15,zyhFXj1nywrm1,Baltimore,Ravens,BAL,LZoDld8s63xUs,Las Vegas,Raiders,LV,-9.0,9.0,,70762,202,Outdoors,Grass,BAL,Deferred,,,76.0,64.0,10.0,https://www.pro-football-reference.com/boxscores/202409150rav.htm
2024,2024-09-15,GJizlkzQFaqGA,Arizona,Cardinals,ARI,u98I1lDKQBwZ0,Los Angeles,Rams,LA,0.0,0.0,,63331,159,Retractable roof (closed),Grass,ARI,Deferred,,,,,,https://www.pro-football-reference.com/boxscores/202409150crd.htm
2024,2024-09-15,oiGiwWPf0UqMC,Kansas City,Chiefs,KC,22ZdibiqvfA2D,Cincinnati,Bengals,CIN,-6.0,6.0,,73558,181,Outdoors,Grass,KC,Deferred,,,89.0,44.0,8.0,https://www.pro-football-reference.com/boxscores/202409150kan.htm
2024,2024-09-15,6DclFuycdPaOB,Denver,Broncos,DEN,SlVgURDFI7EXX,Pittsburgh,Steelers,PIT,2.5,-2.5,,74215,177,Outdoors,Grass,PIT,Deferred,,,83.0,17.0,4.0,https://www.pro-football-reference.com/boxscores/202409150den.htm
2024,2024-09-15,UI0Ax4HUEXFh6,Houston,Texans,HOU,1vVmWGzUZ1rea,Chicago,Bears,CHI,-6.0,6.0,,71412,204,Retractable roof (open),Astroturf,CHI,Deferred,,,,,,https://www.pro-football-reference.com/boxscores/202409150htx.htm
2024,2024-09-16,hjjmgzxilGWdr,Philadelphia,Eagles,PHI,mLspw4gJNTQGN,Atlanta,Falcons,ATL,-5.5,5.5,,69879,177,Outdoors,Grass,ATL,Deferred,,,71.0,72.0,9.0,https://www.pro-football-reference.com/boxscores/202409160phi.htm
2024,2024-09-19,mexvMWO2v1hWn,New York,Jets,NYJ,VkxV91RtzHn65,New England,Patriots,NE,-6.0,6.0,,80812,177,Outdoors,Fieldturf,NE,Deferred,,,75.0,63.0,5.0,https://www.pro-football-reference.com/boxscores/202409190nyj.htm
2024,2024-09-22,LJmHetie5VbbO,Indianapolis,Colts,IND,1vVmWGzUZ1rea,Chicago,Bears,CHI,-1.0,1.0,,66624,196,Retractable roof (closed),Fieldturf,IND,Deferred,,,,,,https://www.pro-football-reference.com/boxscores/202409220clt.htm
2024,2024-09-22,IR4gIYmh269EI,Cleveland,Browns,CLE,n8CuHV9wbYCqF,New York,Giants,NYG,-6.5,6.5,,68016,186,Outdoors,Grass,CLE,Deferred,,,76.0,62.0,4.0,https://www.pro-football-reference.com/boxscores/202409220cle.htm
2024,2024-09-22,QMAZH1v922YLu,Tampa Bay,Buccaneers,TB,6DclFuycdPaOB,Denver,Broncos,DEN,-6.0,6.0,,62738,166,Outdoors,Grass,DEN,Accepted,,,85.0,61.0,6.0,https://www.pro-football-reference.com/boxscores/202409220tam.htm
2024,2024-09-22,ltMyRE3yvVUaw,Tennessee,Titans,TEN,D5QY6bOxfn8ZL,Green Bay,Packers,GB,-3.0,3.0,,67322,173,Outdoors,Grass,TEN,Deferred,,,87.0,59.0,7.0,https://www.pro-football-reference.com/boxscores/202409220oti.htm
2024,2024-09-22,AzOs5UWsXusSW,Minnesota,Vikings,MIN,UI0Ax4HUEXFh6,Houston,Texans,HOU,1.0,-1.0,,66843,185,Dome,Sportturf,MIN,Deferred,,,,,,https://www.pro-football-reference.com/boxscores/202409220min.htm
2024,2024-09-22,CI5mhfNa0Zqd2,New Orleans,Saints,NO,hjjmgzxilGWdr,Philadelphia,Eagles,PHI,-2.5,2.5,,70006,183,Dome,Sportturf,PHI,Deferred,,,,,,https://www.pro-football-reference.com/boxscores/202409220nor.htm
2024,2024-09-22,SlVgURDFI7EXX,Pittsburgh,Steelers,PIT,SjaMbkmeizJD4,Los Angeles,Chargers,LAC,-1.0,1.0,,66734,161,Outdoors,Grass,PIT,Deferred,,,72.0,73.0,2.0,https://www.pro-football-reference.com/boxscores/202409220pit.htm
2024,2024-09-22,LZoDld8s63xUs,Las Vegas,Raiders,LV,jJBGuksuDJF5L,Carolina,Panthers,CAR,-5.5,5.5,,62417,193,Dome,Grass,LV,Deferred,,,,,,https://www.pro-football-reference.com/boxscores/202409220rai.htm
2024,2024-09-22,4M8AK5p0WXs1N,Seattle,Seahawks,SEA,mfbu6O5aMHbJg,Miami,Dolphins,MIA,-4.5,4.5,,68658,187,Outdoors,Fieldturf,MIA,Deferred,,,64.0,66.0,2.0,https://www.pro-football-reference.com/boxscores/202409220sea.htm
2024,2024-09-22,GJizlkzQFaqGA,Arizona,Cardinals,ARI,FCuH1wdksA2DQ,Detroit,Lions,DET,2.5,-2.5,,63650,180,Retractable roof (closed),Grass,ARI,Deferred,,,,,,https://www.pro-football-reference.com/boxscores/202409220crd.htm
2024,2024-09-22,KdjU81i7YSFE7,Dallas,Cowboys,DAL,zyhFXj1nywrm1,Baltimore,Ravens,BAL,1.0,-1.0,,93566,194,Retractable roof (closed),Matrixturf,DAL,Accepted,,,,,,https://www.pro-football-reference.com/boxscores/202409220dal.htm
2024,2024-09-22,u98I1lDKQBwZ0,Los Angeles,Rams,LA,IwSI92ZDKoazn,San Francisco,49ers,SF,6.5,-6.5,,,186,Dome,Matrixturf,LA,Deferred,,,,,,https://www.pro-football-reference.com/boxscores/202409220ram.htm
2024,2024-09-22,mLspw4gJNTQGN,Atlanta,Falcons,ATL,oiGiwWPf0UqMC,Kansas City,Chiefs,KC,3.0,-3.0,,72441,178,Retractable roof (open),Fieldturf,KC,Deferred,,,,,,https://www.pro-football-reference.com/boxscores/202409220atl.htm
2024,2024-09-23,3VqeLK0LS9rpw,Buffalo,Bills,BUF,RtOjnciWkJPaL,Jacksonville,Jaguars,JAC,-5.5,5.5,,70316,184,Outdoors,A_turf,JAC,Deferred,,,68.0,87.0,5.0,https://www.pro-football-reference.com/boxscores/202409230buf.htm
2024,2024-09-23,22ZdibiqvfA2D,Cincinnati,Bengals,CIN,9JtBk8kFeaGEs,Washington,Football Team,WAS,-7.5,7.5,,66207,167,Outdoors,Fieldturf,WAS,Deferred,,,69.0,67.0,5.0,https://www.pro-football-reference.com/boxscores/202409230cin.htm
2024,2024-09-26,n8CuHV9wbYCqF,New York,Giants,NYG,KdjU81i7YSFE7,Dallas,Cowboys,DAL,6.0,-6.0,,80425,182,Outdoors,Fieldturf,NYG,Deferred,,,74.0,88.0,3.0,https://www.pro-football-reference.com/boxscores/202409260nyg.htm
2024,2024-09-29,mLspw4gJNTQGN,Atlanta,Falcons,ATL,CI5mhfNa0Zqd2,New Orleans,Saints,NO,-2.5,2.5,,72204,182,Retractable roof (closed),Fieldturf,NO,Deferred,,,,,,https://www.pro-football-reference.com/boxscores/202409290atl.htm
2024,2024-09-29,jJBGuksuDJF5L,Carolina,Panthers,CAR,22ZdibiqvfA2D,Cincinnati,Bengals,CIN,4.5,-4.5,,77258,194,Outdoors,Grass,CIN,Deferred,,,78.0,75.0,6.0,https://www.pro-football-reference.com/boxscores/202409290car.htm
2024,2024-09-29,1vVmWGzUZ1rea,Chicago,Bears,CHI,u98I1lDKQBwZ0,Los Angeles,Rams,LA,-3.0,3.0,,59074,175,Outdoors,Grass,LA,Deferred,,,70.0,90.0,16.0,https://www.pro-football-reference.com/boxscores/202409290chi.htm
2024,2024-09-29,LJmHetie5VbbO,Indianapolis,Colts,IND,SlVgURDFI7EXX,Pittsburgh,Steelers,PIT,1.0,-1.0,,66376,185,Retractable roof (closed),Fieldturf,PIT,Deferred,,,,,,https://www.pro-football-reference.com/boxscores/202409290clt.htm
2024,2024-09-29,mexvMWO2v1hWn,New York,Jets,NYJ,6DclFuycdPaOB,Denver,Broncos,DEN,-9.0,9.0,,82243,195,Outdoors,Fieldturf,DEN,Deferred,,,67.0,97.0,8.0,https://www.pro-football-reference.com/boxscores/202409290nyj.htm
2024,2024-09-29,D5QY6bOxfn8ZL,Green Bay,Packers,GB,AzOs5UWsXusSW,Minnesota,Vikings,MIN,-3.0,3.0,,78335,208,Outdoors,Grass,GB,Deferred,,,71.0,68.0,15.0,https://www.pro-football-reference.com/boxscores/202409290gnb.htm
2024,2024-09-29,UI0Ax4HUEXFh6,Houston,Texans,HOU,RtOjnciWkJPaL,Jacksonville,Jaguars,JAC,-5.5,5.5,,71115,192,Retractable roof (closed),Astroturf,HOU,Deferred,,,,,,https://www.pro-football-reference.com/boxscores/202409290htx.htm
2024,2024-09-29,QMAZH1v922YLu,Tampa Bay,Buccaneers,TB,hjjmgzxilGWdr,Philadelphia,Eagles,PHI,1.0,-1.0,,64223,180,Outdoors,Grass,PHI,Deferred,,,88.0,68.0,9.0,https://www.pro-football-reference.com/boxscores/202409290tam.htm
2024,2024-09-29,GJizlkzQFaqGA,Arizona,Cardinals,ARI,9JtBk8kFeaGEs,Washington,Football Team,WAS,-3.5,3.5,,63286,167,Retractable roof (closed),Grass,WAS,Deferred,,,,,,https://www.pro-football-reference.com/boxscores/202409290crd.htm
2024,2024-09-29,IwSI92ZDKoazn,San Francisco,49ers,SF,VkxV91RtzHn65,New England,Patriots,NE,-10.0,10.0,,71042,190,Outdoors,Grass,SF,Deferred,,,71.0,59.0,5.0,https://www.pro-football-reference.com/boxscores/202409290sfo.htm
2024,2024-09-29,LZoDld8s63xUs,Las Vegas,Raiders,LV,IR4gIYmh269EI,Cleveland,Browns,CLE,2.5,-2.5,,62401,171,Dome,Grass,LV,Deferred,,,,,,https://www.pro-football-reference.com/boxscores/202409290rai.htm
2024,2024-09-29,SjaMbkmeizJD4,Los Angeles,Chargers,LAC,oiGiwWPf0UqMC,Kansas City,Chiefs,KC,7.0,-7.0,,70240,173,Dome,Matrixturf,LAC,Deferred,,,,,,https://www.pro-football-reference.com/boxscores/202409290sdg.htm
2024,2024-09-29,zyhFXj1nywrm1,Baltimore,Ravens,BAL,3VqeLK0LS9rpw,Buffalo,Bills,BUF,-2.5,2.5,,70636,175,Outdoors,Grass,BAL,Deferred,,,68.0,89.0,8.0,https://www.pro-football-reference.com/boxscores/202409290rav.htm
2024,2024-09-30,mfbu6O5aMHbJg,Miami,Dolphins,MIA,ltMyRE3yvVUaw,Tennessee,Titans,TEN,-2.5,2.5,,65291,193,Outdoors,Grass,MIA,Deferred,,,86.0,70.0,9.0,https://www.pro-football-reference.com/boxscores/202409300mia.htm
2024,2024-09-30,FCuH1wdksA2DQ,Detroit,Lions,DET,4M8AK5p0WXs1N,Seattle,Seahawks,SEA,-4.0,4.0,,66658,189,Dome,Fieldturf,DET,Accepted,,,,,,https://www.pro-football-reference.com/boxscores/202409300det.htm
2024,2024-10-03,mLspw4gJNTQGN,Atlanta,Falcons,ATL,QMAZH1v922YLu,Tampa Bay,Buccaneers,TB,-1.5,1.5,,70016,196,Retractable roof (closed),Fieldturf,ATL,Accepted,ATL,Accepted,,,,https://www.pro-football-reference.com/boxscores/202410030atl.htm
2024,2024-10-06,AzOs5UWsXusSW,Minnesota,Vikings,MIN,mexvMWO2v1hWn,New York,Jets,NYJ,-2.5,2.5,,61139,200,Outdoors,Grass,MIN,Deferred,,,59.0,77.0,8.0,https://www.pro-football-reference.com/boxscores/202410060min.htm
2024,2024-10-06,UI0Ax4HUEXFh6,Houston,Texans,HOU,3VqeLK0LS9rpw,Buffalo,Bills,BUF,-1.0,1.0,,71427,189,Retractable roof (closed),Astroturf,HOU,Deferred,,,,,,https://www.pro-football-reference.com/boxscores/202410060htx.htm
2024,2024-10-06,1vVmWGzUZ1rea,Chicago,Bears,CHI,jJBGuksuDJF5L,Carolina,Panthers,CAR,-4.0,4.0,,59307,188,Outdoors,Grass,CHI,Deferred,,,74.0,27.0,7.0,https://www.pro-football-reference.com/boxscores/202410060chi.htm
2024,2024-10-06,22ZdibiqvfA2D,Cincinnati,Bengals,CIN,zyhFXj1nywrm1,Baltimore,Ravens,BAL,1.0,-1.0,,66341,208,Outdoors,Fieldturf,CIN,Deferred,BAL,Accepted,81.0,57.0,10.0,https://www.pro-football-reference.com/boxscores/202410060cin.htm
2024,2024-10-06,9JtBk8kFeaGEs,Washington,Football Team,WAS,IR4gIYmh269EI,Cleveland,Browns,CLE,-3.0,3.0,,59030,190,Outdoors,Grass,WAS,Deferred,,,73.0,54.0,5.0,https://www.pro-football-reference.com/boxscores/202410060was.htm
2024,2024-10-06,RtOjnciWkJPaL,Jacksonville,Jaguars,JAC,LJmHetie5VbbO,Indianapolis,Colts,IND,-3.0,3.0,,60214,185,Outdoors,Grass,JAC,Deferred,,,74.0,90.0,4.0,https://www.pro-football-reference.com/boxscores/202410060jax.htm
2024,2024-10-06,VkxV91RtzHn65,New England,Patriots,NE,mfbu6O5aMHbJg,Miami,Dolphins,MIA,1.0,-1.0,,64628,187,Outdoors,Fieldturf,NE,Deferred,,,65.0,57.0,2.0,https://www.pro-football-reference.com/boxscores/202410060nwe.htm
2024,2024-10-06,IwSI92ZDKoazn,San Francisco,49ers,SF,GJizlkzQFaqGA,Arizona,Cardinals,ARI,-7.0,7.0,,71310,182,Outdoors,Grass,ARI,Deferred,,,89.0,31.0,3.0,https://www.pro-football-reference.com/boxscores/202410060sfo.htm
2024,2024-10-06,6DclFuycdPaOB,Denver,Broncos,DEN,LZoDld8s63xUs,Las Vegas,Raiders,LV,-3.0,3.0,,72825,192,Outdoors,Grass,DEN,Deferred,,,73.0,22.0,7.0,https://www.pro-football-reference.com/boxscores/202410060den.htm
2024,2024-10-06,u98I1lDKQBwZ0,Los Angeles,Rams,LA,D5QY6bOxfn8ZL,Green Bay,Packers,GB,3.0,-3.0,,72842,184,Dome,Matrixturf,LA,Deferred,,,,,,https://www.pro-football-reference.com/boxscores/202410060ram.htm
2024,2024-10-06,4M8AK5p0WXs1N,Seattle,Seahawks,SEA,n8CuHV9wbYCqF,New York,Giants,NYG,-7.0,7.0,,68306,179,Outdoors,Fieldturf,NYG,Deferred,,,61.0,68.0,3.0,https://www.pro-football-reference.com/boxscores/202410060sea.htm
2024,2024-10-06,SlVgURDFI7EXX,Pittsburgh,Steelers,PIT,KdjU81i7YSFE7,Dallas,Cowboys,DAL,-2.5,2.5,,67380,192,Outdoors,Grass,DAL,Accepted,,,67.0,86.0,6.0,https://www.pro-football-reference.com/boxscores/202410060pit.htm
2024,2024-10-07,oiGiwWPf0UqMC,Kansas City,Chiefs,KC,CI5mhfNa0Zqd2,New Orleans,Saints,NO,-5.5,5.5,,73592,184,Outdoors,Grass,NO,Accepted,,,70.0,27.0,1.0,https://www.pro-football-reference.com/boxscores/202410070kan.htm
2024,2024-10-10,4M8AK5p0WXs1N,Seattle,Seahawks,SEA,IwSI92ZDKoazn,San Francisco,49ers,SF,3.5,-3.5,,68768,190,Outdoors,Fieldturf,SF,Deferred,,,59.0,61.0,10.0,https://www.pro-football-reference.com/boxscores/202410100sea.htm
2024,2024-10-13,1vVmWGzUZ1rea,Chicago,Bears,CHI,RtOjnciWkJPaL,Jacksonville,Jaguars,JAC,1.0,-1.0,,61182,176,Outdoors,Grass,JAC,Deferred,,,54.0,55.0,3.0,https://www.pro-football-reference.com/boxscores/202410130chi.htm
2024,2024-10-13,hjjmgzxilGWdr,Philadelphia,Eagles,PHI,IR4gIYmh269EI,Cleveland,Browns,CLE,-9.5,9.5,,69879,171,Outdoors,Grass,CLE,Deferred,,,82.0,41.0,10.0,https://www.pro-football-reference.com/boxscores/202410130phi.htm
2024,2024-10-13,ltMyRE3yvVUaw,Tennessee,Titans,TEN,LJmHetie5VbbO,Indianapolis,Colts,IND,-2.5,2.5,,64302,183,Outdoors,Grass,IND,Accepted,,,80.0,45.0,12.0,https://www.pro-football-reference.com/boxscores/202410130oti.htm
2024,2024-10-13,D5QY6bOxfn8ZL,Green Bay,Packers,GB,GJizlkzQFaqGA,Arizona,Cardinals,ARI,-5.5,5.5,,77773,183,Outdoors,Grass,ARI,Deferred,,,50.0,86.0,4.0,https://www.pro-football-reference.com/boxscores/202410130gnb.htm
2024,2024-10-13,VkxV91RtzHn65,New England,Patriots,NE,UI0Ax4HUEXFh6,Houston,Texans,HOU,7.0,-7.0,,64628,186,Outdoors,Fieldturf,NE,Deferred,,,53.0,53.0,5.0,https://www.pro-football-reference.com/boxscores/202410130nwe.htm
2024,2024-10-13,CI5mhfNa0Zqd2,New Orleans,Saints,NO,QMAZH1v922YLu,Tampa Bay,Buccaneers,TB,3.5,-3.5,,70041,207,Dome,Sportturf,TB,Accepted,,,,,,https://www.pro-football-reference.com/boxscores/202410130nor.htm
2024,2024-10-13,zyhFXj1nywrm1,Baltimore,Ravens,BAL,9JtBk8kFeaGEs,Washington,Football Team,WAS,-6.5,6.5,,71316,179,Outdoors,Grass,WAS,Deferred,,,75.0,55.0,8.0,https://www.pro-football-reference.com/boxscores/202410130rav.htm
2024,2024-10-13,6DclFuycdPaOB,Denver,Broncos,DEN,SjaMbkmeizJD4,Los Angeles,Chargers,LAC,3.0,-3.0,,70743,182,Outdoors,Grass,LAC,Deferred,,,65.0,28.0,7.0,https://www.pro-football-reference.com/boxscores/202410130den.htm
2024,2024-10-13,LZoDld8s63xUs,Las Vegas,Raiders,LV,SlVgURDFI7EXX,Pittsburgh,Steelers,PIT,3.0,-3.0,,62553,180,Dome,Grass,LV,Deferred,,,,,,https://www.pro-football-reference.com/boxscores/202410130rai.htm
2024,2024-10-13,jJBGuksuDJF5L,Carolina,Panthers,CAR,mLspw4gJNTQGN,Atlanta,Falcons,ATL,6.5,-6.5,,70884,182,Outdoors,Grass,ATL,Deferred,,,79.0,44.0,9.0,https://www.pro-football-reference.com/boxscores/202410130car.htm
2024,2024-10-13,KdjU81i7YSFE7,Dallas,Cowboys,DAL,FCuH1wdksA2DQ,Detroit,Lions,DET,3.5,-3.5,,93644,193,Retractable roof (closed),Matrixturf,DAL,Accepted,,,,,,https://www.pro-football-reference.com/boxscores/202410130dal.htm
2024,2024-10-13,n8CuHV9wbYCqF,New York,Giants,NYG,22ZdibiqvfA2D,Cincinnati,Bengals,CIN,3.5,-3.5,,78809,169,Outdoors,Fieldturf,CIN,Accepted,,,63.0,81.0,2.0,https://www.pro-football-reference.com/boxscores/202410130nyg.htm
2024,2024-10-14,mexvMWO2v1hWn,New York,Jets,NYJ,3VqeLK0LS9rpw,Buffalo,Bills,BUF,1.0,-1.0,,81118,194,Outdoors,Fieldturf,BUF,Deferred,,,49.0,60.0,14.0,https://www.pro-football-reference.com/boxscores/202410140nyj.htm
2024,2024-10-17,CI5mhfNa0Zqd2,New Orleans,Saints,NO,6DclFuycdPaOB,Denver,Broncos,DEN,2.5,-2.5,,70008,184,Dome,Sportturf,NO,Deferred,,,,,,https://www.pro-football-reference.com/boxscores/202410170nor.htm
2024,2024-10-20,RtOjnciWkJPaL,Jacksonville,Jaguars,JAC,VkxV91RtzHn65,New England,Patriots,NE,-6.5,6.5,,86651,168,Outdoors,Grass,JAC,Deferred,,,63.0,92.0,12.0,https://www.pro-football-reference.com/boxscores/202410200jax.htm
2024,2024-10-20,AzOs5UWsXusSW,Minnesota,Vikings,MIN,FCuH1wdksA2DQ,Detroit,Lions,DET,-1.0,1.0,,66971,188,Dome,Sportturf,MIN,Deferred,,,,,,https://www.pro-football-reference.com/boxscores/202410200min.htm
2024,2024-10-20,mLspw4gJNTQGN,Atlanta,Falcons,ATL,4M8AK5p0WXs1N,Seattle,Seahawks,SEA,-3.0,3.0,,70691,175,Retractable roof (open),Fieldturf,ATL,Deferred,,,,,,https://www.pro-football-reference.com/boxscores/202410200atl.htm
2024,2024-10-20,3VqeLK0LS9rpw,Buffalo,Bills,BUF,ltMyRE3yvVUaw,Tennessee,Titans,TEN,-9.5,9.5,,70842,188,Outdoors,A_turf,BUF,Accepted,,,66.0,49.0,12.0,https://www.pro-football-reference.com/boxscores/202410200buf.htm
2024,2024-10-20,IR4gIYmh269EI,Cleveland,Browns,CLE,22ZdibiqvfA2D,Cincinnati,Bengals,CIN,5.5,-5.5,,68143,199,Outdoors,Grass,CLE,Deferred,,,62.0,55.0,8.0,https://www.pro-football-reference.com/boxscores/202410200cle.htm
2024,2024-10-20,LJmHetie5VbbO,Indianapolis,Colts,IND,mfbu6O5aMHbJg,Miami,Dolphins,MIA,-3.0,3.0,,66299,179,Retractable roof (closed),Fieldturf,MIA,Deferred,,,,,,https://www.pro-football-reference.com/boxscores/202410200clt.htm
2024,2024-10-20,D5QY6bOxfn8ZL,Green Bay,Packers,GB,UI0Ax4HUEXFh6,Houston,Texans,HOU,-3.0,3.0,,78197,178,Outdoors,Grass,GB,Accepted,,,72.0,28.0,3.0,https://www.pro-football-reference.com/boxscores/202410200gnb.htm
2024,2024-10-20,n8CuHV9wbYCqF,New York,Giants,NYG,hjjmgzxilGWdr,Philadelphia,Eagles,PHI,3.0,-3.0,,82779,178,Outdoors,Fieldturf,PHI,Deferred,,,71.0,31.0,4.0,https://www.pro-football-reference.com/boxscores/202410200nyg.htm
2024,2024-10-20,9JtBk8kFeaGEs,Washington,Football Team,WAS,jJBGuksuDJF5L,Carolina,Panthers,CAR,-9.5,9.5,,63380,159,Outdoors,Grass,WAS,Deferred,,,76.0,34.0,2.0,https://www.pro-football-reference.com/boxscores/202410200was.htm
2024,2024-10-20,u98I1lDKQBwZ0,Los Angeles,Rams,LA,LZoDld8s63xUs,Las Vegas,Raiders,LV,-7.0,7.0,,73267,184,Dome,Matrixturf,LA,Deferred,,,,,,https://www.pro-football-reference.com/boxscores/202410200ram.htm
2024,2024-10-20,IwSI92ZDKoazn,San Francisco,49ers,SF,oiGiwWPf0UqMC,Kansas City,Chiefs,KC,-1.5,1.5,,71309,182,Outdoors,Grass,KC,Deferred,,,78.0,24.0,3.0,https://www.pro-football-reference.com/boxscores/202410200sfo.htm
2024,2024-10-20,SlVgURDFI7EXX,Pittsburgh,Steelers,PIT,mexvMWO2v1hWn,New York,Jets,NYJ,1.5,-1.5,,66956,193,Outdoors,Grass,NYJ,Deferred,,,60.0,57.0,4.0,https://www.pro-football-reference.com/boxscores/202410200pit.htm
2024,2024-10-21,QMAZH1v922YLu,Tampa Bay,Buccaneers,TB,zyhFXj1nywrm1,Baltimore,Ravens,BAL,3.5,-3.5,,64828,188,Outdoors,Grass,TB,Accepted,,,80.0,65.0,8.0,https://www.pro-football-reference.com/boxscores/202410210tam.htm
2024,2024-10-21,GJizlkzQFaqGA,Arizona,Cardinals,ARI,SjaMbkmeizJD4,Los Angeles,Chargers,LAC,1.0,-1.0,,64357,164,Retractable roof (open),Grass,LAC,Deferred,,,,,,https://www.pro-football-reference.com/boxscores/202410210crd.htm
2024,2024-10-24,u98I1lDKQBwZ0,Los Angeles,Rams,LA,AzOs5UWsXusSW,Minnesota,Vikings,MIN,3.0,-3.0,,72127,173,Dome,Matrixturf,LA,Deferred,,,,,,https://www.pro-football-reference.com/boxscores/202410240ram.htm
2024,2024-10-27,FCuH1wdksA2DQ,Detroit,Lions,DET,ltMyRE3yvVUaw,Tennessee,Titans,TEN,-11.5,11.5,,64316,173,Dome,Fieldturf,TEN,Deferred,,,,,,https://www.pro-football-reference.com/boxscores/202410270det.htm
2024,2024-10-27,QMAZH1v922YLu,Tampa Bay,Buccaneers,TB,mLspw4gJNTQGN,Atlanta,Falcons,ATL,2.5,-2.5,,62787,182,Outdoors,Grass,TB,Accepted,,,79.0,59.0,6.0,https://www.pro-football-reference.com/boxscores/202410270tam.htm
2024,2024-10-27,22ZdibiqvfA2D,Cincinnati,Bengals,CIN,hjjmgzxilGWdr,Philadelphia,Eagles,PHI,-2.5,2.5,,67239,172,Outdoors,Fieldturf,PHI,Deferred,,,59.0,37.0,6.0,https://www.pro-football-reference.com/boxscores/202410270cin.htm
2024,2024-10-27,IR4gIYmh269EI,Cleveland,Browns,CLE,zyhFXj1nywrm1,Baltimore,Ravens,BAL,9.0,-9.0,,67431,195,Outdoors,Grass,CLE,Deferred,,,52.0,50.0,4.0,https://www.pro-football-reference.com/boxscores/202410270cle.htm
2024,2024-10-27,UI0Ax4HUEXFh6,Houston,Texans,HOU,LJmHetie5VbbO,Indianapolis,Colts,IND,-5.0,5.0,,71380,200,Retractable roof (closed),Astroturf,HOU,Accepted,,,,,,https://www.pro-football-reference.com/boxscores/202410270htx.htm
2024,2024-10-27,mfbu6O5aMHbJg,Miami,Dolphins,MIA,GJizlkzQFaqGA,Arizona,Cardinals,ARI,-4.0,4.0,,65629,183,Outdoors,Grass,ARI,Deferred,,,82.0,52.0,14.0,https://www.pro-football-reference.com/boxscores/202410270mia.htm
2024,2024-10-27,RtOjnciWkJPaL,Jacksonville,Jaguars,JAC,D5QY6bOxfn8ZL,Green Bay,Packers,GB,4.0,-4.0,,65618,189,Outdoors,Grass,GB,Accepted,,,84.0,46.0,4.0,https://www.pro-football-reference.com/boxscores/202410270jax.htm
2024,2024-10-27,VkxV91RtzHn65,New England,Patriots,NE,mexvMWO2v1hWn,New York,Jets,NYJ,7.0,-7.0,,64628,185,Outdoors,Fieldturf,NYJ,Deferred,,,53.0,34.0,8.0,https://www.pro-football-reference.com/boxscores/202410270nwe.htm
2024,2024-10-27,4M8AK5p0WXs1N,Seattle,Seahawks,SEA,3VqeLK0LS9rpw,Buffalo,Bills,BUF,3.0,-3.0,,68704,179,Outdoors,Fieldturf,BUF,Deferred,,,55.0,82.0,14.0,https://www.pro-football-reference.com/boxscores/202410270sea.htm
2024,2024-10-27,SjaMbkmeizJD4,Los Angeles,Chargers,LAC,CI5mhfNa0Zqd2,New Orleans,Saints,NO,-7.0,7.0,,70240,195,Dome,Matrixturf,NO,Deferred,,,,,,https://www.pro-football-reference.com/boxscores/202410270sdg.htm
2024,2024-10-27,9JtBk8kFeaGEs,Washington,Football Team,WAS,1vVmWGzUZ1rea,Chicago,Bears,CHI,1.0,-1.0,,64704,191,Outdoors,Grass,WAS,Deferred,,,58.0,33.0,2.0,https://www.pro-football-reference.com/boxscores/202410270was.htm
2024,2024-10-27,LZoDld8s63xUs,Las Vegas,Raiders,LV,oiGiwWPf0UqMC,Kansas City,Chiefs,KC,10.0,-10.0,,62533,176,Dome,Grass,LV,Deferred,,,,,,https://www.pro-football-reference.com/boxscores/202410270rai.htm
2024,2024-10-27,6DclFuycdPaOB,Denver,Broncos,DEN,jJBGuksuDJF5L,Carolina,Panthers,CAR,-11.0,11.0,,76135,184,Outdoors,Grass,CAR,Deferred,,,76.0,9.0,4.0,https://www.pro-football-reference.com/boxscores/202410270den.htm
2024,2024-10-27,IwSI92ZDKoazn,San Francisco,49ers,SF,KdjU81i7YSFE7,Dallas,Cowboys,DAL,-4.5,4.5,,71521,193,Outdoors,Grass,DAL,Accepted,,,69.0,70.0,9.0,https://www.pro-football-reference.com/boxscores/202410270sfo.htm
2024,2024-10-28,SlVgURDFI7EXX,Pittsburgh,Steelers,PIT,n8CuHV9wbYCqF,New York,Giants,NYG,-6.0,6.0,,66637,191,Outdoors,Grass,NYG,Deferred,,,54.0,57.0,7.0,https://www.pro-football-reference.com/boxscores/202410280pit.htm
2024,2024-10-31,mexvMWO2v1hWn,New York,Jets,NYJ,UI0Ax4HUEXFh6,Houston,Texans,HOU,-2.0,2.0,,79818,197,Outdoors,Fieldturf,NYJ,Deferred,,,71.0,65.0,8.0,https://www.pro-football-reference.com/boxscores/202410310nyj.htm
2024,2024-11-03,mLspw4gJNTQGN,Atlanta,Falcons,ATL,KdjU81i7YSFE7,Dallas,Cowboys,DAL,-3.0,3.0,,72665,181,Retractable roof (closed),Fieldturf,DAL,Deferred,,,,,,https://www.pro-football-reference.com/boxscores/202411030atl.htm
2024,2024-11-03,3VqeLK0LS9rpw,Buffalo,Bills,BUF,mfbu6O5aMHbJg,Miami,Dolphins,MIA,-6.0,6.0,,70862,181,Outdoors,A_turf,MIA,Deferred,,,54.0,38.0,9.0,https://www.pro-football-reference.com/boxscores/202411030buf.htm
2024,2024-11-03,jJBGuksuDJF5L,Carolina,Panthers,CAR,CI5mhfNa0Zqd2,New Orleans,Saints,NO,7.0,-7.0,,70292,186,Outdoors,Grass,CAR,Deferred,,,66.0,48.0,7.0,https://www.pro-football-reference.com/boxscores/202411030car.htm
2024,2024-11-03,22ZdibiqvfA2D,Cincinnati,Bengals,CIN,LZoDld8s63xUs,Las Vegas,Raiders,LV,-7.0,7.0,,65962,193,Outdoors,Fieldturf,CIN,Deferred,,,67.0,41.0,7.0,https://www.pro-football-reference.com/boxscores/202411030cin.htm
2024,2024-11-03,IR4gIYmh269EI,Cleveland,Browns,CLE,SjaMbkmeizJD4,Los Angeles,Chargers,LAC,1.0,-1.0,,67431,179,Outdoors,Grass,CLE,Deferred,,,57.0,42.0,10.0,https://www.pro-football-reference.com/boxscores/202411030cle.htm
2024,2024-11-03,zyhFXj1nywrm1,Baltimore,Ravens,BAL,6DclFuycdPaOB,Denver,Broncos,DEN,-9.5,9.5,,71051,177,Outdoors,Grass,BAL,Deferred,,,57.0,30.0,3.0,https://www.pro-football-reference.com/boxscores/202411030rav.htm
2024,2024-11-03,ltMyRE3yvVUaw,Tennessee,Titans,TEN,VkxV91RtzHn65,New England,Patriots,NE,-3.5,3.5,,66533,199,Outdoors,Grass,TEN,Accepted,TEN,Accepted,75.0,60.0,10.0,https://www.pro-football-reference.com/boxscores/202411030oti.htm
2024,2024-11-03,n8CuHV9wbYCqF,New York,Giants,NYG,9JtBk8kFeaGEs,Washington,Football Team,WAS,4.0,-4.0,,77994,168,Outdoors,Fieldturf,WAS,Deferred,,,52.0,35.0,6.0,https://www.pro-football-reference.com/boxscores/202411030nyg.htm
2024,2024-11-03,GJizlkzQFaqGA,Arizona,Cardinals,ARI,1vVmWGzUZ1rea,Chicago,Bears,CHI,-1.5,1.5,,64609,178,Retractable roof (open),Grass,CHI,Deferred,,,,,,https://www.pro-football-reference.com/boxscores/202411030crd.htm
2024,2024-11-03,hjjmgzxilGWdr,Philadelphia,Eagles,PHI,RtOjnciWkJPaL,Jacksonville,Jaguars,JAC,-7.5,7.5,,69879,195,Outdoors,Grass,JAC,Deferred,,,57.0,31.0,6.0,https://www.pro-football-reference.com/boxscores/202411030phi.htm
2024,2024-11-03,D5QY6bOxfn8ZL,Green Bay,Packers,GB,FCuH1wdksA2DQ,Detroit,Lions,DET,2.5,-2.5,,78330,178,Outdoors,Grass,GB,Accepted,,,50.0,86.0,15.0,https://www.pro-football-reference.com/boxscores/202411030gnb.htm
2024,2024-11-03,4M8AK5p0WXs1N,Seattle,Seahawks,SEA,u98I1lDKQBwZ0,Los Angeles,Rams,LA,1.0,-1.0,,68632,215,Outdoors,Fieldturf,LA,Deferred,SEA,Accepted,52.0,83.0,4.0,https://www.pro-football-reference.com/boxscores/202411030sea.htm
2024,2024-11-03,AzOs5UWsXusSW,Minnesota,Vikings,MIN,LJmHetie5VbbO,Indianapolis,Colts,IND,-5.5,5.5,,66954,173,Dome,Sportturf,MIN,Deferred,,,,,,https://www.pro-football-reference.com/boxscores/202411030min.htm
2024,2024-11-04,oiGiwWPf0UqMC,Kansas City,Chiefs,KC,QMAZH1v922YLu,Tampa Bay,Buccaneers,TB,-9.0,9.0,,73574,190,Outdoors,Grass,TB,Deferred,KC,Accepted,63.0,90.0,6.0,https://www.pro-football-reference.com/boxscores/202411040kan.htm
2024,2024-11-07,zyhFXj1nywrm1,Baltimore,Ravens,BAL,22ZdibiqvfA2D,Cincinnati,Bengals,CIN,-6.0,6.0,,71439,200,Outdoors,Grass,BAL,Deferred,,,69.0,43.0,6.0,https://www.pro-football-reference.com/boxscores/202411070rav.htm
2024,2024-11-10,jJBGuksuDJF5L,Carolina,Panthers,CAR,n8CuHV9wbYCqF,New York,Giants,NYG,6.5,-6.5,,70132,195,,,NYG,Deferred,NYG,Accepted,,,,https://www.pro-football-reference.com/boxscores/202411100car.htm
2024,2024-11-10,1vVmWGzUZ1rea,Chicago,Bears,CHI,VkxV91RtzHn65,New England,Patriots,NE,-6.0,6.0,,58912,177,Outdoors,Grass,CHI,Deferred,,,60.0,78.0,6.0,https://www.pro-football-reference.com/boxscores/202411100chi.htm
2024,2024-11-10,9JtBk8kFeaGEs,Washington,Football Team,WAS,SlVgURDFI7EXX,Pittsburgh,Steelers,PIT,-2.5,2.5,,66192,201,Outdoors,Grass,PIT,Accepted,,,57.0,54.0,9.0,https://www.pro-football-reference.com/boxscores/202411100was.htm
2024,2024-11-10,QMAZH1v922YLu,Tampa Bay,Buccaneers,TB,IwSI92ZDKoazn,San Francisco,49ers,SF,6.5,-6.5,,64914,176,Outdoors,Grass,TB,Deferred,,,85.0,54.0,9.0,https://www.pro-football-reference.com/boxscores/202411100tam.htm
2024,2024-11-10,CI5mhfNa0Zqd2,New Orleans,Saints,NO,mLspw4gJNTQGN,Atlanta,Falcons,ATL,3.5,-3.5,,70005,177,Dome,Sportturf,NO,Deferred,,,,,,https://www.pro-football-reference.com/boxscores/202411100nor.htm
2024,2024-11-10,LJmHetie5VbbO,Indianapolis,Colts,IND,3VqeLK0LS9rpw,Buffalo,Bills,BUF,4.0,-4.0,,66474,184,Retractable roof (closed),Fieldturf,IND,Deferred,,,,,,https://www.pro-football-reference.com/boxscores/202411100clt.htm
2024,2024-11-10,oiGiwWPf0UqMC,Kansas City,Chiefs,KC,6DclFuycdPaOB,Denver,Broncos,DEN,-7.5,7.5,,73704,168,Outdoors,Grass,KC,Deferred,,,57.0,58.0,12.0,https://www.pro-football-reference.com/boxscores/202411100kan.htm
2024,2024-11-10,RtOjnciWkJPaL,Jacksonville,Jaguars,JAC,AzOs5UWsXusSW,Minnesota,Vikings,MIN,7.0,-7.0,,65695,180,Outdoors,Grass,MIN,Deferred,,,79.0,77.0,7.0,https://www.pro-football-reference.com/boxscores/202411100jax.htm
2024,2024-11-10,SjaMbkmeizJD4,Los Angeles,Chargers,LAC,ltMyRE3yvVUaw,Tennessee,Titans,TEN,-7.5,7.5,,68796,161,Dome,Matrixturf,TEN,Deferred,,,,,,https://www.pro-football-reference.com/boxscores/202411100sdg.htm
2024,2024-11-10,KdjU81i7YSFE7,Dallas,Cowboys,DAL,hjjmgzxilGWdr,Philadelphia,Eagles,PHI,7.5,-7.5,,93644,177,Retractable roof (closed),Matrixturf,DAL,Accepted,,,,,,https://www.pro-football-reference.com/boxscores/202411100dal.htm
2024,2024-11-10,GJizlkzQFaqGA,Arizona,Cardinals,ARI,mexvMWO2v1hWn,New York,Jets,NYJ,1.5,-1.5,,64030,163,Retractable roof (open),Grass,NYJ,Deferred,,,,,,https://www.pro-football-reference.com/boxscores/202411100crd.htm
2024,2024-11-10,UI0Ax4HUEXFh6,Houston,Texans,HOU,FCuH1wdksA2DQ,Detroit,Lions,DET,3.5,-3.5,,71512,192,Retractable roof (open),Astroturf,HOU,Deferred,,,,,,https://www.pro-football-reference.com/boxscores/202411100htx.htm
2024,2024-11-11,u98I1lDKQBwZ0,Los Angeles,Rams,LA,mfbu6O5aMHbJg,Miami,Dolphins,MIA,-2.5,2.5,,72474,169,Dome,Matrixturf,LA,Deferred,,,,,,https://www.pro-football-reference.com/boxscores/202411110ram.htm
2024,2024-11-14,hjjmgzxilGWdr,Philadelphia,Eagles,PHI,9JtBk8kFeaGEs,Washington,Football Team,WAS,-3.5,3.5,,69879,183,Outdoors,Grass,WAS,Deferred,,,46.0,63.0,9.0,https://www.pro-football-reference.com/boxscores/202411140phi.htm
2024,2024-11-17,1vVmWGzUZ1rea,Chicago,Bears,CHI,D5QY6bOxfn8ZL,Green Bay,Packers,GB,5.5,-5.5,,59419,175,Outdoors,Grass,CHI,Deferred,,,54.0,80.0,5.0,https://www.pro-football-reference.com/boxscores/202411170chi.htm
2024,2024-11-17,CI5mhfNa0Zqd2,New Orleans,Saints,NO,IR4gIYmh269EI,Cleveland,Browns,CLE,1.0,-1.0,,70006,180,Dome,Sportturf,NO,Deferred,,,,,,https://www.pro-football-reference.com/boxscores/202411170nor.htm
2024,2024-11-17,FCuH1wdksA2DQ,Detroit,Lions,DET,RtOjnciWkJPaL,Jacksonville,Jaguars,JAC,-14.0,14.0,,64273,176,Dome,Fieldturf,DET,Deferred,,,,,,https://www.pro-football-reference.com/boxscores/202411170det.htm
2024,2024-11-17,mfbu6O5aMHbJg,Miami,Dolphins,MIA,LZoDld8s63xUs,Las Vegas,Raiders,LV,-7.5,7.5,,65440,181,Outdoors,Grass,LV,Deferred,,,80.0,47.0,16.0,https://www.pro-football-reference.com/boxscores/202411170mia.htm
2024,2024-11-17,ltMyRE3yvVUaw,Tennessee,Titans,TEN,AzOs5UWsXusSW,Minnesota,Vikings,MIN,6.0,-6.0,,67686,188,Outdoors,Grass,MIN,Deferred,,,66.0,59.0,7.0,https://www.pro-football-reference.com/boxscores/202411170oti.htm
2024,2024-11-17,SlVgURDFI7EXX,Pittsburgh,Steelers,PIT,zyhFXj1nywrm1,Baltimore,Ravens,BAL,3.0,-3.0,,67551,199,Outdoors,Grass,PIT,Deferred,,,52.0,61.0,5.0,https://www.pro-football-reference.com/boxscores/202411170pit.htm
2024,2024-11-17,mexvMWO2v1hWn,New York,Jets,NYJ,LJmHetie5VbbO,Indianapolis,Colts,IND,-4.0,4.0,,80582,175,Outdoors,Fieldturf,IND,Deferred,,,62.0,32.0,4.0,https://www.pro-football-reference.com/boxscores/202411170nyj.htm
2024,2024-11-17,VkxV91RtzHn65,New England,Patriots,NE,u98I1lDKQBwZ0,Los Angeles,Rams,LA,4.5,-4.5,,64628,183,Outdoors,Fieldturf,LA,Deferred,,,59.0,30.0,9.0,https://www.pro-football-reference.com/boxscores/202411170nwe.htm
2024,2024-11-17,IwSI92ZDKoazn,San Francisco,49ers,SF,4M8AK5p0WXs1N,Seattle,Seahawks,SEA,-6.5,6.5,,71751,182,Outdoors,Grass,SEA,Deferred,,,59.0,45.0,4.0,https://www.pro-football-reference.com/boxscores/202411170sfo.htm
2024,2024-11-17,6DclFuycdPaOB,Denver,Broncos,DEN,mLspw4gJNTQGN,Atlanta,Falcons,ATL,-2.5,2.5,,76545,174,Outdoors,Grass,ATL,Deferred,,,55.0,12.0,9.0,https://www.pro-football-reference.com/boxscores/202411170den.htm
2024,2024-11-17,3VqeLK0LS9rpw,Buffalo,Bills,BUF,oiGiwWPf0UqMC,Kansas City,Chiefs,KC,-1.5,1.5,,71112,181,Outdoors,A_turf,BUF,Deferred,,,50.0,62.0,3.0,https://www.pro-football-reference.com/boxscores/202411170buf.htm
2024,2024-11-17,SjaMbkmeizJD4,Los Angeles,Chargers,LAC,22ZdibiqvfA2D,Cincinnati,Bengals,CIN,-1.0,1.0,,70240,210,Dome,Matrixturf,LAC,Deferred,,,,,,https://www.pro-football-reference.com/boxscores/202411170sdg.htm
2024,2024-11-18,KdjU81i7YSFE7,Dallas,Cowboys,DAL,UI0Ax4HUEXFh6,Houston,Texans,HOU,7.0,-7.0,,92969,198,Retractable roof (closed),Matrixturf,DAL,Deferred,,,,,,https://www.pro-football-reference.com/boxscores/202411180dal.htm
2024,2024-11-21,IR4gIYmh269EI,Cleveland,Browns,CLE,SlVgURDFI7EXX,Pittsburgh,Steelers,PIT,3.5,-3.5,,67431,183,Outdoors,Grass,CLE,Deferred,,,36.0,88.0,13.0,https://www.pro-football-reference.com/boxscores/202411210cle.htm
2024,2024-11-24,jJBGuksuDJF5L,Carolina,Panthers,CAR,oiGiwWPf0UqMC,Kansas City,Chiefs,KC,11.0,-11.0,,73216,191,Outdoors,Grass,CAR,Deferred,,,61.0,52.0,5.0,https://www.pro-football-reference.com/boxscores/202411240car.htm
2024,2024-11-24,1vVmWGzUZ1rea,Chicago,Bears,CHI,AzOs5UWsXusSW,Minnesota,Vikings,MIN,3.5,-3.5,,57659,216,Outdoors,Grass,MIN,Deferred,CHI,Accepted,47.0,77.0,5.0,https://www.pro-football-reference.com/boxscores/202411240chi.htm
2024,2024-11-24,9JtBk8kFeaGEs,Washington,Football Team,WAS,KdjU81i7YSFE7,Dallas,Cowboys,DAL,-10.5,10.5,,64955,205,Outdoors,Grass,WAS,Deferred,,,55.0,49.0,5.0,https://www.pro-football-reference.com/boxscores/202411240was.htm
2024,2024-11-24,mfbu6O5aMHbJg,Miami,Dolphins,MIA,VkxV91RtzHn65,New England,Patriots,NE,-7.0,7.0,,65479,189,Outdoors,Grass,MIA,Deferred,,,77.0,51.0,6.0,https://www.pro-football-reference.com/boxscores/202411240mia.htm
2024,2024-11-24,n8CuHV9wbYCqF,New York,Giants,NYG,QMAZH1v922YLu,Tampa Bay,Buccaneers,TB,6.0,-6.0,,77554,169,Outdoors,Fieldturf,NYG,Deferred,,,50.0,48.0,13.0,https://www.pro-football-reference.com/boxscores/202411240nyg.htm
2024,2024-11-24,LJmHetie5VbbO,Indianapolis,Colts,IND,FCuH1wdksA2DQ,Detroit,Lions,DET,7.5,-7.5,,66696,173,Retractable roof (closed),Fieldturf,IND,Accepted,,,,,,https://www.pro-football-reference.com/boxscores/202411240clt.htm
2024,2024-11-24,UI0Ax4HUEXFh6,Houston,Texans,HOU,ltMyRE3yvVUaw,Tennessee,Titans,TEN,-9.0,9.0,,71055,191,Retractable roof (closed),Astroturf,TEN,Deferred,,,,,,https://www.pro-football-reference.com/boxscores/202411240htx.htm
2024,2024-11-24,LZoDld8s63xUs,Las Vegas,Raiders,LV,6DclFuycdPaOB,Denver,Broncos,DEN,6.0,-6.0,,62460,200,Dome,Grass,DEN,Deferred,,,,,,https://www.pro-football-reference.com/boxscores/202411240rai.htm
2024,2024-11-24,4M8AK5p0WXs1N,Seattle,Seahawks,SEA,GJizlkzQFaqGA,Arizona,Cardinals,ARI,0.0,0.0,,68649,176,Outdoors,Fieldturf,SEA,Deferred,,,45.0,85.0,5.0,https://www.pro-football-reference.com/boxscores/202411240sea.htm
2024,2024-11-24,D5QY6bOxfn8ZL,Green Bay,Packers,GB,IwSI92ZDKoazn,San Francisco,49ers,SF,-5.5,5.5,,78222,181,Outdoors,Grass,SF,Deferred,,,43.0,76.0,11.0,https://www.pro-football-reference.com/boxscores/202411240gnb.htm
2024,2024-11-24,u98I1lDKQBwZ0,Los Angeles,Rams,LA,hjjmgzxilGWdr,Philadelphia,Eagles,PHI,3.0,-3.0,,74400,193,Dome,Matrixturf,PHI,Deferred,,,,,,https://www.pro-football-reference.com/boxscores/202411240ram.htm
2024,2024-11-25,SjaMbkmeizJD4,Los Angeles,Chargers,LAC,zyhFXj1nywrm1,Baltimore,Ravens,BAL,2.5,-2.5,,70240,182,Dome,Matrixturf,BAL,Deferred,,,,,,https://www.pro-football-reference.com/boxscores/202411250sdg.htm
2024,2024-11-28,FCuH1wdksA2DQ,Detroit,Lions,DET,1vVmWGzUZ1rea,Chicago,Bears,CHI,-9.5,9.5,,64275,202,Dome,Fieldturf,DET,Accepted,,,,,,https://www.pro-football-reference.com/boxscores/202411280det.htm
2024,2024-11-28,KdjU81i7YSFE7,Dallas,Cowboys,DAL,n8CuHV9wbYCqF,New York,Giants,NYG,-3.0,3.0,,92196,213,Retractable roof (closed),Matrixturf,NYG,Deferred,,,,,,https://www.pro-football-reference.com/boxscores/202411280dal.htm
2024,2024-11-28,D5QY6bOxfn8ZL,Green Bay,Packers,GB,mfbu6O5aMHbJg,Miami,Dolphins,MIA,-3.0,3.0,,77599,192,Outdoors,Grass,MIA,Deferred,,,27.0,63.0,10.0,https://www.pro-football-reference.com/boxscores/202411280gnb.htm
2024,2024-11-29,oiGiwWPf0UqMC,Kansas City,Chiefs,KC,LZoDld8s63xUs,Las Vegas,Raiders,LV,-13.0,13.0,,73627,194,Outdoors,Grass,LV,Deferred,,,37.0,40.0,5.0,https://www.pro-football-reference.com/boxscores/202411290kan.htm
2024,2024-12-01,mLspw4gJNTQGN,Atlanta,Falcons,ATL,SjaMbkmeizJD4,Los Angeles,Chargers,LAC,1.0,-1.0,,72139,164,Retractable roof (closed),Fieldturf,ATL,Accepted,,,,,,https://www.pro-football-reference.com/boxscores/202412010atl.htm
2024,2024-12-01,22ZdibiqvfA2D,Cincinnati,Bengals,CIN,SlVgURDFI7EXX,Pittsburgh,Steelers,PIT,-3.0,3.0,,66112,200,Outdoors,Fieldturf,PIT,Deferred,,,32.0,43.0,9.0,https://www.pro-football-reference.com/boxscores/202412010cin.htm
2024,2024-12-01,AzOs5UWsXusSW,Minnesota,Vikings,MIN,GJizlkzQFaqGA,Arizona,Cardinals,ARI,-3.5,3.5,,66873,182,Dome,Sportturf,MIN,Deferred,,,,,,https://www.pro-football-reference.com/boxscores/202412010min.htm
2024,2024-12-01,mexvMWO2v1hWn,New York,Jets,NYJ,4M8AK5p0WXs1N,Seattle,Seahawks,SEA,0.0,0.0,,81084,186,Outdoors,Fieldturf,NYJ,Deferred,,,37.0,44.0,12.0,https://www.pro-football-reference.com/boxscores/202412010nyj.htm
2024,2024-12-01,9JtBk8kFeaGEs,Washington,Football Team,WAS,ltMyRE3yvVUaw,Tennessee,Titans,TEN,-6.0,6.0,,63144,194,Outdoors,Grass,WAS,Deferred,,,42.0,40.0,6.0,https://www.pro-football-reference.com/boxscores/202412010was.htm
2024,2024-12-01,VkxV91RtzHn65,New England,Patriots,NE,LJmHetie5VbbO,Indianapolis,Colts,IND,2.5,-2.5,,64626,179,Outdoors,Fieldturf,IND,Deferred,,,36.0,49.0,9.0,https://www.pro-football-reference.com/boxscores/202412010nwe.htm
2024,2024-12-01,RtOjnciWkJPaL,Jacksonville,Jaguars,JAC,UI0Ax4HUEXFh6,Houston,Texans,HOU,3.5,-3.5,,62588,198,Outdoors,Grass,HOU,Deferred,,,,,,https://www.pro-football-reference.com/boxscores/202412010jax.htm
2024,2024-12-01,jJBGuksuDJF5L,Carolina,Panthers,CAR,QMAZH1v922YLu,Tampa Bay,Buccaneers,TB,6.0,-6.0,,69214,218,Outdoors,Grass,TB,Deferred,TB,Accepted,51.0,41.0,7.0,https://www.pro-football-reference.com/boxscores/202412010car.htm
2024,2024-12-01,CI5mhfNa0Zqd2,New Orleans,Saints,NO,u98I1lDKQBwZ0,Los Angeles,Rams,LA,2.5,-2.5,,70006,173,Dome,Sportturf,LA,Deferred,,,,,,https://www.pro-football-reference.com/boxscores/202412010nor.htm
2024,2024-12-01,zyhFXj1nywrm1,Baltimore,Ravens,BAL,hjjmgzxilGWdr,Philadelphia,Eagles,PHI,-3.0,3.0,,71344,185,Outdoors,Grass,BAL,Deferred,,,41.0,41.0,7.0,https://www.pro-football-reference.com/boxscores/202412010rav.htm
2024,2024-12-01,3VqeLK0LS9rpw,Buffalo,Bills,BUF,IwSI92ZDKoazn,San Francisco,49ers,SF,-6.0,6.0,,70437,166,Outdoors,A_turf,SF,Deferred,,,28.0,79.0,11.0,https://www.pro-football-reference.com/boxscores/202412010buf.htm
2024,2024-12-02,6DclFuycdPaOB,Denver,Broncos,DEN,IR4gIYmh269EI,Cleveland,Browns,CLE,-6.0,6.0,,68306,209,Outdoors,Grass,CLE,Deferred,,,48.0,39.0,4.0,https://www.pro-football-reference.com/boxscores/202412020den.htm
2024,2024-12-05,FCuH1wdksA2DQ,Detroit,Lions,DET,D5QY6bOxfn8ZL,Green Bay,Packers,GB,-3.5,3.5,,63987,192,Dome,Fieldturf,GB,Deferred,,,,,,https://www.pro-football-reference.com/boxscores/202412050det.htm
2024,2024-12-08,AzOs5UWsXusSW,Minnesota,Vikings,MIN,mLspw4gJNTQGN,Atlanta,Falcons,ATL,-6.0,6.0,,67008,187,Dome,Sportturf,ATL,Accepted,,,,,,https://www.pro-football-reference.com/boxscores/202412080min.htm
2024,2024-12-08,hjjmgzxilGWdr,Philadelphia,Eagles,PHI,jJBGuksuDJF5L,Carolina,Panthers,CAR,-13.5,13.5,,69879,173,Outdoors,Grass,PHI,Deferred,,,55.0,37.0,16.0,https://www.pro-football-reference.com/boxscores/202412080phi.htm
2024,2024-12-08,SlVgURDFI7EXX,Pittsburgh,Steelers,PIT,IR4gIYmh269EI,Cleveland,Browns,CLE,-7.0,7.0,,66845,191,Outdoors,Grass,CLE,Deferred,,,49.0,62.0,12.0,https://www.pro-football-reference.com/boxscores/202412080pit.htm
2024,2024-12-08,ltMyRE3yvVUaw,Tennessee,Titans,TEN,RtOjnciWkJPaL,Jacksonville,Jaguars,JAC,-3.5,3.5,,61644,162,Outdoors,Grass,JAC,Deferred,,,53.0,44.0,9.0,https://www.pro-football-reference.com/boxscores/202412080oti.htm
2024,2024-12-08,mfbu6O5aMHbJg,Miami,Dolphins,MIA,mexvMWO2v1hWn,New York,Jets,NYJ,-6.0,6.0,,65787,206,Outdoors,Grass,NYJ,Deferred,,,77.0,55.0,12.0,https://www.pro-football-reference.com/boxscores/202412080mia.htm
2024,2024-12-08,n8CuHV9wbYCqF,New York,Giants,NYG,CI5mhfNa0Zqd2,New Orleans,Saints,NO,5.0,-5.0,,76143,199,Outdoors,Fieldturf,NYG,Deferred,,,54.0,35.0,13.0,https://www.pro-football-reference.com/boxscores/202412080nyg.htm
2024,2024-12-08,QMAZH1v922YLu,Tampa Bay,Buccaneers,TB,LZoDld8s63xUs,Las Vegas,Raiders,LV,-6.5,6.5,,63250,180,Outdoors,Grass,TB,Accepted,,,71.0,56.0,4.0,https://www.pro-football-reference.com/boxscores/202412080tam.htm
2024,2024-12-08,GJizlkzQFaqGA,Arizona,Cardinals,ARI,4M8AK5p0WXs1N,Seattle,Seahawks,SEA,-2.5,2.5,,64533,181,Retractable roof (open),Grass,SEA,Deferred,,,,,,https://www.pro-football-reference.com/boxscores/202412080crd.htm
2024,2024-12-08,u98I1lDKQBwZ0,Los Angeles,Rams,LA,3VqeLK0LS9rpw,Buffalo,Bills,BUF,3.5,-3.5,,73493,191,Dome,Matrixturf,BUF,Deferred,,,,,,https://www.pro-football-reference.com/boxscores/202412080ram.htm
2024,2024-12-08,IwSI92ZDKoazn,San Francisco,49ers,SF,1vVmWGzUZ1rea,Chicago,Bears,CHI,-3.0,3.0,,71662,172,Outdoors,Grass,CHI,Deferred,,,65.0,51.0,4.0,https://www.pro-football-reference.com/boxscores/202412080sfo.htm
2024,2024-12-08,oiGiwWPf0UqMC,Kansas City,Chiefs,KC,SjaMbkmeizJD4,Los Angeles,Chargers,LAC,-4.0,4.0,,73571,179,Outdoors,Grass,LAC,Deferred,,,50.0,80.0,10.0,https://www.pro-football-reference.com/boxscores/202412080kan.htm
2024,2024-12-09,KdjU81i7YSFE7,Dallas,Cowboys,DAL,22ZdibiqvfA2D,Cincinnati,Bengals,CIN,5.5,-5.5,,92587,183,Retractable roof (open),Matrixturf,DAL,Deferred,,,,,,https://www.pro-football-reference.com/boxscores/202412090dal.htm
2024,2024-12-12,IwSI92ZDKoazn,San Francisco,49ers,SF,u98I1lDKQBwZ0,Los Angeles,Rams,LA,-3.0,3.0,,71201,169,Outdoors,Grass,LA,Deferred,,,53.0,87.0,4.0,https://www.pro-football-reference.com/boxscores/202412120sfo.htm
2024,2024-12-15,jJBGuksuDJF5L,Carolina,Panthers,CAR,KdjU81i7YSFE7,Dallas,Cowboys,DAL,-3.0,3.0,,70570,190,Outdoors,Grass,CAR,Deferred,,,45.0,77.0,7.0,https://www.pro-football-reference.com/boxscores/202412150car.htm
2024,2024-12-15,ltMyRE3yvVUaw,Tennessee,Titans,TEN,22ZdibiqvfA2D,Cincinnati,Bengals,CIN,5.0,-5.0,,63745,197,Outdoors,Grass,TEN,Deferred,,,52.0,90.0,12.0,https://www.pro-football-reference.com/boxscores/202412150oti.htm
2024,2024-12-15,IR4gIYmh269EI,Cleveland,Browns,CLE,oiGiwWPf0UqMC,Kansas City,Chiefs,KC,4.0,-4.0,,67983,188,Outdoors,Grass,CLE,Deferred,,,40.0,87.0,18.0,https://www.pro-football-reference.com/boxscores/202412150cle.htm
2024,2024-12-15,UI0Ax4HUEXFh6,Houston,Texans,HOU,mfbu6O5aMHbJg,Miami,Dolphins,MIA,-2.5,2.5,,71221,181,Retractable roof (closed),Astroturf,HOU,Deferred,,,,,,https://www.pro-football-reference.com/boxscores/202412150htx.htm
2024,2024-12-15,RtOjnciWkJPaL,Jacksonville,Jaguars,JAC,mexvMWO2v1hWn,New York,Jets,NYJ,3.5,-3.5,,63251,194,Outdoors,Grass,NYJ,Deferred,,,,,,https://www.pro-football-reference.com/boxscores/202412150jax.htm
2024,2024-12-15,CI5mhfNa0Zqd2,New Orleans,Saints,NO,9JtBk8kFeaGEs,Washington,Football Team,WAS,7.5,-7.5,,70003,188,Dome,Sportturf,WAS,Deferred,,,,,,https://www.pro-football-reference.com/boxscores/202412150nor.htm
2024,2024-12-15,n8CuHV9wbYCqF,New York,Giants,NYG,zyhFXj1nywrm1,Baltimore,Ravens,BAL,16.5,-16.5,,77455,176,Outdoors,Fieldturf,NYG,Deferred,,,36.0,62.0,6.0,https://www.pro-football-reference.com/boxscores/202412150nyg.htm
2024,2024-12-15,FCuH1wdksA2DQ,Detroit,Lions,DET,3VqeLK0LS9rpw,Buffalo,Bills,BUF,-1.0,1.0,,65327,208,Dome,Fieldturf,BUF,Deferred,,,,,,https://www.pro-football-reference.com/boxscores/202412150det.htm
2024,2024-12-15,6DclFuycdPaOB,Denver,Broncos,DEN,LJmHetie5VbbO,Indianapolis,Colts,IND,-4.0,4.0,,76496,193,Outdoors,Grass,DEN,Deferred,,,55.0,13.0,15.0,https://www.pro-football-reference.com/boxscores/202412150den.htm
2024,2024-12-15,GJizlkzQFaqGA,Arizona,Cardinals,ARI,VkxV91RtzHn65,New England,Patriots,NE,-6.0,6.0,,64135,166,Retractable roof (open),Grass,NE,Accepted,,,,,,https://www.pro-football-reference.com/boxscores/202412150crd.htm
2024,2024-12-15,hjjmgzxilGWdr,Philadelphia,Eagles,PHI,SlVgURDFI7EXX,Pittsburgh,Steelers,PIT,-5.5,5.5,,69879,185,Outdoors,Grass,PHI,Deferred,,,37.0,62.0,5.0,https://www.pro-football-reference.com/boxscores/202412150phi.htm
2024,2024-12-15,SjaMbkmeizJD4,Los Angeles,Chargers,LAC,QMAZH1v922YLu,Tampa Bay,Buccaneers,TB,-3.0,3.0,,69496,182,Dome,Matrixturf,TB,Accepted,,,,,,https://www.pro-football-reference.com/boxscores/202412150sdg.htm
2024,2024-12-15,4M8AK5p0WXs1N,Seattle,Seahawks,SEA,D5QY6bOxfn8ZL,Green Bay,Packers,GB,2.5,-2.5,,68766,179,Outdoors,Fieldturf,GB,Accepted,,,43.0,77.0,3.0,https://www.pro-football-reference.com/boxscores/202412150sea.htm
2024,2024-12-16,AzOs5UWsXusSW,Minnesota,Vikings,MIN,1vVmWGzUZ1rea,Chicago,Bears,CHI,-7.0,7.0,,67017,196,Dome,Sportturf,MIN,Deferred,,,,,,https://www.pro-football-reference.com/boxscores/202412160min.htm
2024,2024-12-16,LZoDld8s63xUs,Las Vegas,Raiders,LV,mLspw4gJNTQGN,Atlanta,Falcons,ATL,5.5,-5.5,,62364,176,Dome,Grass,ATL,Deferred,,,,,,https://www.pro-football-reference.com/boxscores/202412160rai.htm
2024,2024-12-19,SjaMbkmeizJD4,Los Angeles,Chargers,LAC,6DclFuycdPaOB,Denver,Broncos,DEN,-2.5,2.5,,70240,183,Dome,Matrixturf,DEN,Deferred,,,,,,https://www.pro-football-reference.com/boxscores/202412190sdg.htm
2024,2024-12-21,oiGiwWPf0UqMC,Kansas City,Chiefs,KC,UI0Ax4HUEXFh6,Houston,Texans,HOU,-3.5,3.5,,73600,184,Outdoors,Grass,KC,Deferred,,,30.0,60.0,5.0,https://www.pro-football-reference.com/boxscores/202412210kan.htm
2024,2024-12-21,zyhFXj1nywrm1,Baltimore,Ravens,BAL,SlVgURDFI7EXX,Pittsburgh,Steelers,PIT,-7.0,7.0,,71313,175,Outdoors,Grass,PIT,Deferred,,,35.0,32.0,15.0,https://www.pro-football-reference.com/boxscores/202412210rav.htm
2024,2024-12-22,mLspw4gJNTQGN,Atlanta,Falcons,ATL,n8CuHV9wbYCqF,New York,Giants,NYG,-9.0,9.0,,70404,175,Retractable roof (closed),Fieldturf,NYG,Deferred,,,,,,https://www.pro-football-reference.com/boxscores/202412220atl.htm
2024,2024-12-22,jJBGuksuDJF5L,Carolina,Panthers,CAR,GJizlkzQFaqGA,Arizona,Cardinals,ARI,5.0,-5.0,,68804,206,Outdoors,Grass,CAR,Deferred,CAR,Accepted,37.0,52.0,10.0,https://www.pro-football-reference.com/boxscores/202412220car.htm
2024,2024-12-22,1vVmWGzUZ1rea,Chicago,Bears,CHI,FCuH1wdksA2DQ,Detroit,Lions,DET,6.5,-6.5,,56539,178,Outdoors,Grass,DET,Deferred,,,29.0,68.0,7.0,https://www.pro-football-reference.com/boxscores/202412220chi.htm
2024,2024-12-22,22ZdibiqvfA2D,Cincinnati,Bengals,CIN,IR4gIYmh269EI,Cleveland,Browns,CLE,-9.5,9.5,,65734,170,Outdoors,Fieldturf,CIN,Deferred,,,33.0,56.0,6.0,https://www.pro-football-reference.com/boxscores/202412220cin.htm
2024,2024-12-22,LJmHetie5VbbO,Indianapolis,Colts,IND,ltMyRE3yvVUaw,Tennessee,Titans,TEN,-3.5,3.5,,65322,180,Retractable roof (closed),Fieldturf,TEN,Accepted,,,,,,https://www.pro-football-reference.com/boxscores/202412220clt.htm
2024,2024-12-22,mexvMWO2v1hWn,New York,Jets,NYJ,u98I1lDKQBwZ0,Los Angeles,Rams,LA,3.0,-3.0,,76871,168,Outdoors,Fieldturf,NYJ,Deferred,,,23.0,47.0,8.0,https://www.pro-football-reference.com/boxscores/202412220nyj.htm
2024,2024-12-22,9JtBk8kFeaGEs,Washington,Football Team,WAS,hjjmgzxilGWdr,Philadelphia,Eagles,PHI,4.0,-4.0,,64128,200,Outdoors,Grass,PHI,Deferred,,,32.0,36.0,8.0,https://www.pro-football-reference.com/boxscores/202412220was.htm
2024,2024-12-22,4M8AK5p0WXs1N,Seattle,Seahawks,SEA,AzOs5UWsXusSW,Minnesota,Vikings,MIN,3.0,-3.0,,68748,186,Outdoors,Fieldturf,SEA,Deferred,,,48.0,84.0,5.0,https://www.pro-football-reference.com/boxscores/202412220sea.htm
2024,2024-12-22,3VqeLK0LS9rpw,Buffalo,Bills,BUF,VkxV91RtzHn65,New England,Patriots,NE,-14.0,14.0,,70725,190,Outdoors,A_turf,BUF,Deferred,,,14.0,54.0,2.0,https://www.pro-football-reference.com/boxscores/202412220buf.htm
2024,2024-12-22,LZoDld8s63xUs,Las Vegas,Raiders,LV,RtOjnciWkJPaL,Jacksonville,Jaguars,JAC,-2.5,2.5,,61323,185,Dome,Grass,LV,Deferred,,,,,,https://www.pro-football-reference.com/boxscores/202412220rai.htm
2024,2024-12-22,mfbu6O5aMHbJg,Miami,Dolphins,MIA,IwSI92ZDKoazn,San Francisco,49ers,SF,1.5,-1.5,,66341,187,Outdoors,Grass,MIA,Deferred,,,73.0,61.0,12.0,https://www.pro-football-reference.com/boxscores/202412220mia.htm
2024,2024-12-22,KdjU81i7YSFE7,Dallas,Cowboys,DAL,QMAZH1v922YLu,Tampa Bay,Buccaneers,TB,4.0,-4.0,,93103,196,Retractable roof (closed),Matrixturf,DAL,Accepted,,,,,,https://www.pro-football-reference.com/boxscores/202412220dal.htm
2024,2024-12-23,D5QY6bOxfn8ZL,Green Bay,Packers,GB,CI5mhfNa0Zqd2,New Orleans,Saints,NO,-14.0,14.0,,77885,172,Outdoors,Grass,NO,Deferred,,,34.0,85.0,12.0,https://www.pro-football-reference.com/boxscores/202412230gnb.htm
2024,2024-12-25,SlVgURDFI7EXX,Pittsburgh,Steelers,PIT,oiGiwWPf0UqMC,Kansas City,Chiefs,KC,2.5,-2.5,,67311,172,Outdoors,Grass,KC,Deferred,,,39.0,82.0,2.0,https://www.pro-football-reference.com/boxscores/202412250pit.htm
2024,2024-12-25,UI0Ax4HUEXFh6,Houston,Texans,HOU,zyhFXj1nywrm1,Baltimore,Ravens,BAL,6.0,-6.0,,71544,178,Retractable roof (closed),Astroturf,HOU,Deferred,,,,,,https://www.pro-football-reference.com/boxscores/202412250htx.htm
2024,2024-12-26,1vVmWGzUZ1rea,Chicago,Bears,CHI,4M8AK5p0WXs1N,Seattle,Seahawks,SEA,3.5,-3.5,,56346,161,Outdoors,Grass,CHI,Deferred,,,47.0,88.0,5.0,https://www.pro-football-reference.com/boxscores/202412260chi.htm
2024,2024-12-28,VkxV91RtzHn65,New England,Patriots,NE,SjaMbkmeizJD4,Los Angeles,Chargers,LAC,5.5,-5.5,,64628,177,Outdoors,Fieldturf,NE,Deferred,,,40.0,95.0,4.0,https://www.pro-football-reference.com/boxscores/202412280nwe.htm
2024,2024-12-28,22ZdibiqvfA2D,Cincinnati,Bengals,CIN,6DclFuycdPaOB,Denver,Broncos,DEN,-3.5,3.5,,66546,204,Outdoors,Fieldturf,DEN,Accepted,CIN,Accepted,60.0,82.0,8.0,https://www.pro-football-reference.com/boxscores/202412280cin.htm
2024,2024-12-28,u98I1lDKQBwZ0,Los Angeles,Rams,LA,GJizlkzQFaqGA,Arizona,Cardinals,ARI,-6.5,6.5,,73051,182,Dome,Matrixturf,ARI,Deferred,,,,,,https://www.pro-football-reference.com/boxscores/202412280ram.htm
2024,2024-12-29,3VqeLK0LS9rpw,Buffalo,Bills,BUF,mexvMWO2v1hWn,New York,Jets,NYJ,-10.0,10.0,,70728,191,Outdoors,A_turf,BUF,Accepted,,,54.0,87.0,15.0,https://www.pro-football-reference.com/boxscores/202412290buf.htm
2024,2024-12-29,QMAZH1v922YLu,Tampa Bay,Buccaneers,TB,jJBGuksuDJF5L,Carolina,Panthers,CAR,-9.0,9.0,,64434,175,Outdoors,Grass,CAR,Deferred,,,76.0,76.0,8.0,https://www.pro-football-reference.com/boxscores/202412290tam.htm
2024,2024-12-29,n8CuHV9wbYCqF,New York,Giants,NYG,LJmHetie5VbbO,Indianapolis,Colts,IND,7.5,-7.5,,73164,187,Outdoors,Fieldturf,NYG,Deferred,,,54.0,90.0,0.0,https://www.pro-football-reference.com/boxscores/202412290nyg.htm
2024,2024-12-29,hjjmgzxilGWdr,Philadelphia,Eagles,PHI,KdjU81i7YSFE7,Dallas,Cowboys,DAL,-8.0,8.0,,69879,181,Outdoors,Grass,PHI,Deferred,,,62.0,74.0,10.0,https://www.pro-football-reference.com/boxscores/202412290phi.htm
2024,2024-12-29,RtOjnciWkJPaL,Jacksonville,Jaguars,JAC,ltMyRE3yvVUaw,Tennessee,Titans,TEN,0.0,0.0,,61995,166,Outdoors,Grass,TEN,Deferred,,,72.0,83.0,16.0,https://www.pro-football-reference.com/boxscores/202412290jax.htm
2024,2024-12-29,CI5mhfNa0Zqd2,New Orleans,Saints,NO,LZoDld8s63xUs,Las Vegas,Raiders,LV,1.5,-1.5,,70031,192,Dome,Sportturf,NO,Deferred,,,,,,https://www.pro-football-reference.com/boxscores/202412290nor.htm
2024,2024-12-29,IR4gIYmh269EI,Cleveland,Browns,CLE,mfbu6O5aMHbJg,Miami,Dolphins,MIA,3.0,-3.0,,67942,187,Outdoors,Grass,CLE,Deferred,,,54.0,93.0,15.0,https://www.pro-football-reference.com/boxscores/202412290cle.htm
2024,2024-12-29,AzOs5UWsXusSW,Minnesota,Vikings,MIN,D5QY6bOxfn8ZL,Green Bay,Packers,GB,-1.0,1.0,,67031,179,Dome,Sportturf,GB,Accepted,,,,,,https://www.pro-football-reference.com/boxscores/202412290min.htm
2024,2024-12-29,9JtBk8kFeaGEs,Washington,Football Team,WAS,mLspw4gJNTQGN,Atlanta,Falcons,ATL,-3.5,3.5,,63480,194,Outdoors,Grass,ATL,Accepted,WAS,Accepted,58.0,89.0,10.0,https://www.pro-football-reference.com/boxscores/202412290was.htm
2024,2024-12-30,IwSI92ZDKoazn,San Francisco,49ers,SF,FCuH1wdksA2DQ,Detroit,Lions,DET,3.5,-3.5,,71688,180,Outdoors,Grass,DET,Deferred,,,,,,https://www.pro-football-reference.com/boxscores/202412300sfo.htm
2024,2025-01-04,zyhFXj1nywrm1,Baltimore,Ravens,BAL,IR4gIYmh269EI,Cleveland,Browns,CLE,-20.0,20.0,,70562,189,Outdoors,Grass,BAL,Deferred,,,31.0,35.0,16.0,https://www.pro-football-reference.com/boxscores/202501040rav.htm
2024,2025-01-04,SlVgURDFI7EXX,Pittsburgh,Steelers,PIT,22ZdibiqvfA2D,Cincinnati,Bengals,CIN,2.5,-2.5,,65631,181,Outdoors,Grass,PIT,Deferred,,,19.0,73.0,10.0,https://www.pro-football-reference.com/boxscores/202501040pit.htm
2024,2025-01-05,mLspw4gJNTQGN,Atlanta,Falcons,ATL,jJBGuksuDJF5L,Carolina,Panthers,CAR,-9.0,9.0,,69581,201,Retractable roof (closed),Fieldturf,CAR,Deferred,CAR,Accepted,,,,https://www.pro-football-reference.com/boxscores/202501050atl.htm
2024,2025-01-05,VkxV91RtzHn65,New England,Patriots,NE,3VqeLK0LS9rpw,Buffalo,Bills,BUF,3.5,-3.5,,64626,179,Outdoors,Fieldturf,BUF,Deferred,,,33.0,50.0,14.0,https://www.pro-football-reference.com/boxscores/202501050nwe.htm
2024,2025-01-05,D5QY6bOxfn8ZL,Green Bay,Packers,GB,1vVmWGzUZ1rea,Chicago,Bears,CHI,-10.0,10.0,,77862,183,Outdoors,Grass,GB,Accepted,,,16.0,68.0,13.0,https://www.pro-football-reference.com/boxscores/202501050gnb.htm
2024,2025-01-05,LJmHetie5VbbO,Indianapolis,Colts,IND,RtOjnciWkJPaL,Jacksonville,Jaguars,JAC,-3.5,3.5,,63041,193,Retractable roof (closed),Fieldturf,IND,Accepted,IND,Accepted,,,,https://www.pro-football-reference.com/boxscores/202501050clt.htm
2024,2025-01-05,KdjU81i7YSFE7,Dallas,Cowboys,DAL,9JtBk8kFeaGEs,Washington,Football Team,WAS,6.5,-6.5,,91349,186,Retractable roof (closed),Matrixturf,DAL,Deferred,,,,,,https://www.pro-football-reference.com/boxscores/202501050dal.htm
2024,2025-01-05,ltMyRE3yvVUaw,Tennessee,Titans,TEN,UI0Ax4HUEXFh6,Houston,Texans,HOU,-1.5,1.5,,61815,175,Outdoors,Grass,HOU,Accepted,,,35.0,97.0,10.0,https://www.pro-football-reference.com/boxscores/202501050oti.htm
2024,2025-01-05,QMAZH1v922YLu,Tampa Bay,Buccaneers,TB,CI5mhfNa0Zqd2,New Orleans,Saints,NO,-14.0,14.0,,63001,192,Outdoors,Grass,NO,Accepted,,,68.0,34.0,6.0,https://www.pro-football-reference.com/boxscores/202501050tam.htm
2024,2025-01-05,hjjmgzxilGWdr,Philadelphia,Eagles,PHI,n8CuHV9wbYCqF,New York,Giants,NYG,-2.5,2.5,,69879,173,Outdoors,Grass,PHI,Deferred,,,31.0,37.0,19.0,https://www.pro-football-reference.com/boxscores/202501050phi.htm
2024,2025-01-05,GJizlkzQFaqGA,Arizona,Cardinals,ARI,IwSI92ZDKoazn,San Francisco,49ers,SF,-4.5,4.5,,63849,193,Retractable roof (open),Grass,ARI,Deferred,,,,,,https://www.pro-football-reference.com/boxscores/202501050crd.htm
2024,2025-01-05,6DclFuycdPaOB,Denver,Broncos,DEN,oiGiwWPf0UqMC,Kansas City,Chiefs,KC,-10.5,10.5,,,159,Outdoors,Grass,KC,Deferred,,,28.0,69.0,5.0,https://www.pro-football-reference.com/boxscores/202501050den.htm
2024,2025-01-05,mexvMWO2v1hWn,New York,Jets,NYJ,mfbu6O5aMHbJg,Miami,Dolphins,MIA,0.0,0.0,,68818,192,Outdoors,Fieldturf,NYJ,Deferred,,,34.0,47.0,10.0,https://www.pro-football-reference.com/boxscores/202501050nyj.htm
2024,2025-01-05,LZoDld8s63xUs,Las Vegas,Raiders,LV,SjaMbkmeizJD4,Los Angeles,Chargers,LAC,6.5,-6.5,,61352,174,Dome,Grass,LAC,Deferred,,,,,,https://www.pro-football-reference.com/boxscores/202501050rai.htm
2024,2025-01-05,u98I1lDKQBwZ0,Los Angeles,Rams,LA,4M8AK5p0WXs1N,Seattle,Seahawks,SEA,7.5,-7.5,,72610,173,Dome,Matrixturf,SEA,Deferred,,,,,,https://www.pro-football-reference.com/boxscores/202501050ram.htm
2024,2025-01-05,FCuH1wdksA2DQ,Detroit,Lions,DET,AzOs5UWsXusSW,Minnesota,Vikings,MIN,-2.5,2.5,,64774,186,Dome,Fieldturf,MIN,Deferred,,,,,,https://www.pro-football-reference.com/boxscores/202501050det.htm
2024,2025-01-11,UI0Ax4HUEXFh6,Houston,Texans,HOU,SjaMbkmeizJD4,Los Angeles,Chargers,LAC,3.0,-3.0,,71408,201,Retractable roof (closed),Astroturf,HOU,Deferred,,,,,,https://www.pro-football-reference.com/boxscores/202501110htx.htm
2024,2025-01-11,zyhFXj1nywrm1,Baltimore,Ravens,BAL,SlVgURDFI7EXX,Pittsburgh,Steelers,PIT,-9.5,9.5,,70546,169,Outdoors,Grass,PIT,Accepted,,,32.0,54.0,12.0,https://www.pro-football-reference.com/boxscores/202501110rav.htm
2024,2025-01-12,3VqeLK0LS9rpw,Buffalo,Bills,BUF,6DclFuycdPaOB,Denver,Broncos,DEN,-8.5,8.5,,70332,179,Outdoors,A_turf,BUF,Deferred,,,32.0,76.0,10.0,https://www.pro-football-reference.com/boxscores/202501120buf.htm
2024,2025-01-12,hjjmgzxilGWdr,Philadelphia,Eagles,PHI,D5QY6bOxfn8ZL,Green Bay,Packers,GB,-5.0,5.0,,69879,187,Outdoors,Grass,PHI,Deferred,,,40.0,47.0,6.0,https://www.pro-football-reference.com/boxscores/202501120phi.htm
2024,2025-01-12,QMAZH1v922YLu,Tampa Bay,Buccaneers,TB,9JtBk8kFeaGEs,Washington,Football Team,WAS,-3.0,3.0,,64614,169,Outdoors,Grass,TB,Accepted,,,58.0,57.0,2.0,https://www.pro-football-reference.com/boxscores/202501120tam.htm
2024,2025-01-13,u98I1lDKQBwZ0,Los Angeles,Rams,LA,AzOs5UWsXusSW,Minnesota,Vikings,MIN,2.5,-2.5,,64515,182,Retractable roof (closed),Grass,MIN,Deferred,,,,,,https://www.pro-football-reference.com/boxscores/202501130ram.htm
2024,2025-01-18,oiGiwWPf0UqMC,Kansas City,Chiefs,KC,UI0Ax4HUEXFh6,Houston,Texans,HOU,-9.0,9.0,,73458,174,Outdoors,Grass,HOU,Deferred,,,23.0,43.0,17.0,https://www.pro-football-reference.com/boxscores/202501180kan.htm
2024,2025-01-18,FCuH1wdksA2DQ,Detroit,Lions,DET,9JtBk8kFeaGEs,Washington,Football Team,WAS,-9.5,9.5,,64774,194,Dome,Fieldturf,WAS,Deferred,,,,,,https://www.pro-football-reference.com/boxscores/202501180det.htm
2024,2025-01-19,hjjmgzxilGWdr,Philadelphia,Eagles,PHI,u98I1lDKQBwZ0,Los Angeles,Rams,LA,-6.5,6.5,,69879,188,Outdoors,Grass,LA,Deferred,,,34.0,67.0,8.0,https://www.pro-football-reference.com/boxscores/202501190phi.htm
2024,2025-01-19,3VqeLK0LS9rpw,Buffalo,Bills,BUF,zyhFXj1nywrm1,Baltimore,Ravens,BAL,1.0,-1.0,,70697,174,Outdoors,A_turf,BUF,Deferred,,,19.0,84.0,4.0,https://www.pro-football-reference.com/boxscores/202501190buf.htm
2024,2025-01-26,hjjmgzxilGWdr,Philadelphia,Eagles,PHI,9JtBk8kFeaGEs,Washington,Football Team,WAS,-6.0,6.0,,69879,204,Outdoors,Grass,PHI,Deferred,,,40.0,45.0,11.0,https://www.pro-football-reference.com/boxscores/202501260phi.htm
2024,2025-01-26,oiGiwWPf0UqMC,Kansas City,Chiefs,KC,3VqeLK0LS9rpw,Buffalo,Bills,BUF,-1.5,1.5,,73487,190,Outdoors,Grass,KC,Deferred,,,31.0,45.0,8.0,https://www.pro-football-reference.com/boxscores/202501260kan.htm
2024,2025-02-09,hjjmgzxilGWdr,Philadelphia,Eagles,PHI,oiGiwWPf0UqMC,Kansas City,Chiefs,KC,1.0,-1.0,,65719,216,Dome,Sportturf,KC,Deferred,,,,,,https://www.pro-football-reference.com/boxscores/202502090phi.htm
